-- phpMyAdmin SQL Dump
-- version 5.2.0
-- https://www.phpmyadmin.net/
--
-- Host: 127.0.0.1:3306
-- Generation Time: Dec 31, 2024 at 01:56 PM
-- Server version: 8.0.31
-- PHP Version: 8.0.26

SET SQL_MODE = "NO_AUTO_VALUE_ON_ZERO";
START TRANSACTION;
SET time_zone = "+00:00";


/*!40101 SET @OLD_CHARACTER_SET_CLIENT=@@CHARACTER_SET_CLIENT */;
/*!40101 SET @OLD_CHARACTER_SET_RESULTS=@@CHARACTER_SET_RESULTS */;
/*!40101 SET @OLD_COLLATION_CONNECTION=@@COLLATION_CONNECTION */;
/*!40101 SET NAMES utf8mb4 */;

--
-- Database: `ecdb`
--

-- --------------------------------------------------------

--
-- Table structure for table `tbl_complaint`
--

DROP TABLE IF EXISTS `tbl_complaint`;
CREATE TABLE IF NOT EXISTS `tbl_complaint` (
  `ComplaintID` int NOT NULL AUTO_INCREMENT,
  `OfficeID` int NOT NULL,
  `ComplaintNo` text NOT NULL,
  `ComplaintForwardFrom` varchar(30) NOT NULL,
  `ComplaintDate` date NOT NULL,
  `District` varchar(30) NOT NULL,
  `Division` varchar(30) NOT NULL,
  `GaramasewaDivision` varchar(30) NOT NULL,
  `ChildName` text CHARACTER SET utf8mb4 COLLATE utf8mb4_general_ci NOT NULL,
  `Address` text NOT NULL,
  `School` text NOT NULL,
  `Description` text NOT NULL,
  `ComplainedPerson` text CHARACTER SET utf8mb4 COLLATE utf8mb4_general_ci NOT NULL,
  `Remarks` text NOT NULL,
  `Gender` int DEFAULT NULL,
  `age` text NOT NULL,
  `assign` int NOT NULL DEFAULT '0',
  PRIMARY KEY (`ComplaintID`)
) ENGINE=MyISAM AUTO_INCREMENT=13 DEFAULT CHARSET=utf8mb4 COLLATE=utf8mb4_general_ci;

--
-- Dumping data for table `tbl_complaint`
--

INSERT INTO `tbl_complaint` (`ComplaintID`, `OfficeID`, `ComplaintNo`, `ComplaintForwardFrom`, `ComplaintDate`, `District`, `Division`, `GaramasewaDivision`, `ChildName`, `Address`, `School`, `Description`, `ComplainedPerson`, `Remarks`, `Gender`, `age`, `assign`) VALUES
(1, 0, 'NCPA/PU/2023/02/05/001', 'Police Unit', '2022-12-12', 'Nuwara Eliya', 'Ambagamuwa', 'Kalugala', 'Nishadi Gamage', 'Eala para, two house upper from main road', 'Kaluganga Kanista Vidyalaya', 'Motheres borther was badly touch child private pates while moter went to plantation', 'Mother : G Sisiliyan', 'Child have sister, she may know more than mother', 0, '7+', 0),
(2, 0, 'NCPA/PU/2022/12/12/002', 'Police Unit', '2022-12-12', 'Nuwara Eliya', 'Ambagamuwa', 'Gonawala', 'Janith Suboda Arangoda', 'Small Shop, Near Pansala (Arangoda Kade)', 'Gonawala Madyamaha Vidyalaya', 'පියා පවුල හැරගොස් ඇත. විටින් විට පැමිණ දරුවා ගෙනයනබව පවසමින් මුදල් ඉල්ලයි. ඒ අවස්තාවන් දී ඔහු දරුවා බලහත් කාරයෙන් ලගට ගනී', 'Grand Mother', 'No', 1, '4+', 0),
(3, 0, 'NCPA/LU/2023/01/07/012', 'Department of Legal', '2023-01-11', 'Nuwara Eliya', 'Ambagamuwa', 'Bulathgama', 'Sarangi Dulani', 'Walawu watta, Ganga laga para, Bulathgama', 'Darmapala Vidyalaya, Bulatgama', 'Not Schooling', 'Nabour: Name not mention', 'Evidance can get from school', 0, '8+', 0),
(4, 0, 'NCPA/PSY/2023/03/31/001', 'Department of Phycosocial', '2023-02-08', 'Nuwara Eliya', 'Ambagamuwa', 'Ambagamuwa East', 'Sandami Kavya and Ninadi Dahamya', '12, Loris Watta, Ambagamuwa', 'Ambagamuwa Primary School', 'Lives with Fathers secont marrage, childa are aragan with punci amma', 'Class teacher of Sandami Kavya (0718349614)', '', 0, '5+ and 7+', 0),
(5, 16, 'NCPA/PU/2023/02/22/002', 'Police Unit', '2023-02-23', 'Nuwara Eliya', 'Ambagamuwa', 'Kalugala', 'Nuwan Chandima', 'Upper Field New Estate, Rampadeniya', 'not mention', 'Revisit Sexual Abuse', 'Mothers Sister 0716473196', '', 1, '12+', 0),
(8, 20, 'NCPA/INV/2023/03/22/001', 'Investigation Unit', '2023-03-22', 'Nuwara Eliya', 'Walapane', 'Thennehenwala', 'Dont no', 'Uda Gedara, Galahena handiya, Thennehenwala', 'no', 'සොහොයුරියගේ දරවා නිවසේ රදවා තබා ගෙනසිටි, දරුවාගේ පියා දිනපට පැමිණ අසබි වචානයෙන් බැනවදි', 'Nabour: Name not mention', '', 0, '2+', 0),
(7, 20, 'NCPA/1929/2023/03/22/001', '1929 Unit', '2023-03-22', 'Nuwara Eliya', 'Walapane', 'Thennehenwala', 'Sadas Yasiru Muthuwatta', '37, School lane, Kattiya handiya', 'Walapane Central Colledge', 'ක්‍රීඩා ගුරුවරයාට පහරදීම', 'Class teacher . Ms.Yasita Gamage 0776849315', 'no', 1, '12', 0),
(10, 0, 'NCPA/LU/2023/06/22/001', 'Department of Legal', '2023-06-22', 'Nuwara Eliya', 'Walapane', 'Kumbalgamuwa', 'Isuri Priyangika', '42, kumbalagamuwa, Wallapane', 'no', 'Child is not scolling', 'Nebour', 'no', 0, '12+', 0),
(11, 16, 'NCPA/LU/2023/07/22/001', 'Department of Legal', '2023-07-22', 'Nuwara Eliya', 'Ambagamuwa', 'Kalugala', 'Isuru Nawarathna', 'WelaRd, Ambagamuwa Dhakuna', 'no', 'Child is not schooling', 'Nebour', 'no', 1, '12+', 0),
(12, 20, 'NCPA/LEU/2023/07/22/001', '1929 Unit', '2023-07-22', 'Nuwara Eliya', 'Walapane', 'Sarasunthenna', 'SUNETMA SATSARANI', '42, Sarasunthenna, Wallapane', 'Central college Wallapane', 'Sexual Haresmant', 'Sister 0731649785', 'no', 0, '13', 0);

-- --------------------------------------------------------

--
-- Table structure for table `tbl_complaint_assign_to`
--

DROP TABLE IF EXISTS `tbl_complaint_assign_to`;
CREATE TABLE IF NOT EXISTS `tbl_complaint_assign_to` (
  `ComplaintAssignID` int NOT NULL AUTO_INCREMENT,
  `ComplaintID` int NOT NULL,
  `OfficeID` int NOT NULL,
  `AbuseType` text NOT NULL,
  `ComplaintForwardDate` date NOT NULL,
  `MaxResponceTime` date DEFAULT NULL,
  PRIMARY KEY (`ComplaintAssignID`)
) ENGINE=MyISAM AUTO_INCREMENT=8 DEFAULT CHARSET=utf8mb4 COLLATE=utf8mb4_general_ci;

--
-- Dumping data for table `tbl_complaint_assign_to`
--

INSERT INTO `tbl_complaint_assign_to` (`ComplaintAssignID`, `ComplaintID`, `OfficeID`, `AbuseType`, `ComplaintForwardDate`, `MaxResponceTime`) VALUES
(1, 7, 20, '365. Unnatural offences', '2023-07-15', '2023-09-15'),
(2, 5, 16, 'Child abuse 337', '2023-07-15', '2023-10-16'),
(3, 7, 0, '', '2023-07-15', NULL),
(4, 8, 20, 'Domestic violence 79', '2023-07-16', '2023-09-15'),
(5, 5, 0, '', '2023-07-28', NULL),
(6, 11, 16, 'CYPO – Children and youth in need of care and protection', '2023-07-29', '2023-07-25'),
(7, 12, 20, 'Sexual harassment 594', '2023-07-30', '2023-08-31');

-- --------------------------------------------------------

--
-- Table structure for table `tbl_complaint_contact`
--

DROP TABLE IF EXISTS `tbl_complaint_contact`;
CREATE TABLE IF NOT EXISTS `tbl_complaint_contact` (
  `ComplaintID` int NOT NULL,
  `Contact` text NOT NULL
) ENGINE=MyISAM DEFAULT CHARSET=utf8mb4 COLLATE=utf8mb4_general_ci;

--
-- Dumping data for table `tbl_complaint_contact`
--

INSERT INTO `tbl_complaint_contact` (`ComplaintID`, `Contact`) VALUES
(1, '0719348531'),
(2, '0717731956'),
(3, '0773648921'),
(4, '0719681634'),
(5, '0718317931'),
(0, '0719863275'),
(0, '0785269349'),
(0, '0718632974'),
(7, '0718639746'),
(8, ''),
(10, '0718463295'),
(11, '0716843972'),
(12, '0716843972');

-- --------------------------------------------------------

--
-- Table structure for table `tbl_complaint_prog`
--

DROP TABLE IF EXISTS `tbl_complaint_prog`;
CREATE TABLE IF NOT EXISTS `tbl_complaint_prog` (
  `ComplaintProgID` int NOT NULL AUTO_INCREMENT,
  `DisDiviProgressID` int NOT NULL,
  `ComplaintID` int NOT NULL,
  `InvestigationDate` date NOT NULL,
  `ReportDate` date NOT NULL,
  `ChangeChildAdd` text NOT NULL,
  `Report` varchar(100) NOT NULL,
  `Comment` text NOT NULL,
  `ComplaintType` varchar(10) NOT NULL DEFAULT '0',
  PRIMARY KEY (`ComplaintProgID`)
) ENGINE=MyISAM AUTO_INCREMENT=9 DEFAULT CHARSET=utf8mb4 COLLATE=utf8mb4_general_ci;

--
-- Dumping data for table `tbl_complaint_prog`
--

INSERT INTO `tbl_complaint_prog` (`ComplaintProgID`, `DisDiviProgressID`, `ComplaintID`, `InvestigationDate`, `ReportDate`, `ChangeChildAdd`, `Report`, `Comment`, `ComplaintType`) VALUES
(1, 5, 7, '2023-07-07', '2023-07-13', 'no', '', 'Talk with child', 'Fake'),
(2, 5, 8, '2023-07-08', '2023-07-10', 'yes', '', 'discuss wiy parents', 'Ugant'),
(3, 13, 7, '2023-07-08', '2023-07-10', 'no, next week they will change', '', 'discus', 'Done'),
(4, 13, 8, '2023-07-08', '2023-07-10', 'no', '', 'discus', 'Done'),
(5, 14, 7, '2023-07-08', '2023-07-10', 'yes, moved to grand mother place', '', 'discus', 'Done'),
(6, 14, 8, '2023-07-08', '2023-07-10', 'no, next week they will change', '', 'discus', 'Done'),
(7, 15, 7, '2023-07-14', '2023-07-10', 'no', '64bd6224021254.48722971.png', 'Comment', 'Ugant'),
(8, 15, 8, '2023-07-09', '2023-07-13', 'no', '64bd6224023e50.15682866.jpg', 'Comment 2', 'Fake');

-- --------------------------------------------------------

--
-- Table structure for table `tbl_department`
--

DROP TABLE IF EXISTS `tbl_department`;
CREATE TABLE IF NOT EXISTS `tbl_department` (
  `DepartmentID` int NOT NULL AUTO_INCREMENT,
  `OfficeID` int NOT NULL,
  `DptName` varchar(60) CHARACTER SET utf8mb4 COLLATE utf8mb4_general_ci NOT NULL,
  `Location` text NOT NULL,
  `Head` varchar(30) NOT NULL,
  PRIMARY KEY (`DepartmentID`)
) ENGINE=MyISAM AUTO_INCREMENT=11 DEFAULT CHARSET=utf8mb4 COLLATE=utf8mb4_general_ci;

--
-- Dumping data for table `tbl_department`
--

INSERT INTO `tbl_department` (`DepartmentID`, `OfficeID`, `DptName`, `Location`, `Head`) VALUES
(1, 1, 'Department of Admin & HR', '1st Floor, Head Office Building', 'Janaka Kumara'),
(2, 3, 'Department of Media & Information', 'Ground Floor, Head Office Building', 'Malalgoda S'),
(3, 3, 'Department of Monitoring & Planning', 'Ground Floor, Head Office Building', 'Malalgoda S'),
(6, 6, 'Department of District/ Division Cordination', '1st Floor, Head Office Building', 'Siriwardhana A'),
(5, 4, 'Department of Programme', 'Ground Floor, Head Office Building', 'Ranasinghe R'),
(7, 8, 'Department of Phycosocial', '2nd Floor, Head Office Building', 'Ayagama C'),
(8, 10, 'Department of Law Enforcement', '1st Floor, Head Office Building', 'Silva M N D'),
(9, 11, 'Department of Legal', '1st Floor, Head Office Building', 'Sakalasuriya P'),
(10, 12, 'Department of Finance', '1st Floor, Head Office Building', 'Senevirathna D N');

-- --------------------------------------------------------

--
-- Table structure for table `tbl_district_office`
--

DROP TABLE IF EXISTS `tbl_district_office`;
CREATE TABLE IF NOT EXISTS `tbl_district_office` (
  `DistrictID` int NOT NULL AUTO_INCREMENT,
  `OfficeID` int NOT NULL,
  `EmpID` int NOT NULL,
  `Location` text NOT NULL,
  `Designation` text NOT NULL,
  `DistrictSecretariName` text NOT NULL,
  `Name` varchar(30) CHARACTER SET utf8mb4 COLLATE utf8mb4_general_ci DEFAULT NULL,
  PRIMARY KEY (`DistrictID`)
) ENGINE=MyISAM AUTO_INCREMENT=9 DEFAULT CHARSET=utf8mb4 COLLATE=utf8mb4_general_ci;

--
-- Dumping data for table `tbl_district_office`
--

INSERT INTO `tbl_district_office` (`DistrictID`, `OfficeID`, `EmpID`, `Location`, `Designation`, `DistrictSecretariName`, `Name`) VALUES
(1, 13, 14, 'Kandy District Secretariat, Croos Rd, Udawatta, Kandy', 'dis_officer', 'Mr. Chandana Tennakoon', 'Kandy'),
(2, 14, 15, 'District Secretariat Matale, Kaccheri Rd, Baladaksha Mw, Mathale', 'dis_officer', 'Mrs.Thejani Thilakarathne', 'Matale'),
(3, 15, 16, 'District Secretariat Nuwara Eliya, Old Udawatta Road, Nuwara Eliya', 'dis_officer', 'Mr. G.K.G.A.R.P.K. Nandana', 'Nuwara Eliya'),
(4, 23, 24, '37, dISTRICT sECRATRIAT, AMPARA', 'dis_officer', 'Mr, Palitha', 'Ampara'),
(5, 24, 25, 'kalu', 'dis_officer', 'lalu dist', 'Kalutara'),
(6, 26, 27, 'sds', 'dis_officer', 'sdsd', 'Anuradhapura'),
(7, 27, 28, 'ec', 'dis_officer', 'ec', 'Anuradhapura'),
(8, 28, 29, 'ec', 'dis_officer', 'ec', 'Anuradhapura');

-- --------------------------------------------------------

--
-- Table structure for table `tbl_district_office_contact`
--

DROP TABLE IF EXISTS `tbl_district_office_contact`;
CREATE TABLE IF NOT EXISTS `tbl_district_office_contact` (
  `DistrictID` int NOT NULL,
  `Contact` text NOT NULL
) ENGINE=MyISAM DEFAULT CHARSET=utf8mb4 COLLATE=utf8mb4_general_ci;

--
-- Dumping data for table `tbl_district_office_contact`
--

INSERT INTO `tbl_district_office_contact` (`DistrictID`, `Contact`) VALUES
(1, '812233186'),
(2, '662226673'),
(3, '522222610'),
(4, '0737826547'),
(5, '0756987548'),
(6, 'sdsds'),
(7, '0718563258'),
(8, '0718568965');

-- --------------------------------------------------------

--
-- Table structure for table `tbl_dist_divi_prog`
--

DROP TABLE IF EXISTS `tbl_dist_divi_prog`;
CREATE TABLE IF NOT EXISTS `tbl_dist_divi_prog` (
  `DisDiviProgressID` int NOT NULL AUTO_INCREMENT,
  `EmpID` int NOT NULL,
  `DiaryID` int NOT NULL,
  `DistID_DiviID` int NOT NULL,
  `WhatOfficer` text NOT NULL COMMENT 'if district - dis,\r\nif division - div',
  PRIMARY KEY (`DisDiviProgressID`)
) ENGINE=MyISAM AUTO_INCREMENT=17 DEFAULT CHARSET=utf8mb4 COLLATE=utf8mb4_general_ci;

--
-- Dumping data for table `tbl_dist_divi_prog`
--

INSERT INTO `tbl_dist_divi_prog` (`DisDiviProgressID`, `EmpID`, `DiaryID`, `DistID_DiviID`, `WhatOfficer`) VALUES
(1, 21, 1, 20, 'div'),
(2, 21, 2, 20, 'div'),
(5, 21, 5, 20, 'div'),
(6, 21, 6, 20, 'div'),
(7, 21, 7, 20, 'div'),
(8, 21, 8, 20, 'div'),
(9, 21, 9, 20, 'div'),
(10, 21, 10, 20, 'div'),
(11, 21, 11, 20, 'div'),
(12, 21, 12, 20, 'div'),
(13, 21, 13, 20, 'div'),
(14, 21, 14, 20, 'div'),
(15, 21, 15, 20, 'div'),
(16, 21, 16, 20, 'div');

-- --------------------------------------------------------

--
-- Table structure for table `tbl_division_office`
--

DROP TABLE IF EXISTS `tbl_division_office`;
CREATE TABLE IF NOT EXISTS `tbl_division_office` (
  `DivisionID` int NOT NULL AUTO_INCREMENT,
  `OfficeID` int NOT NULL,
  `EmpID` int NOT NULL,
  `District` varchar(20) NOT NULL,
  `Location` text NOT NULL,
  `Designation` varchar(20) NOT NULL,
  `DivisionSecretariName` varchar(30) NOT NULL,
  `Name` varchar(30) NOT NULL,
  PRIMARY KEY (`DivisionID`)
) ENGINE=MyISAM AUTO_INCREMENT=7 DEFAULT CHARSET=utf8mb4 COLLATE=utf8mb4_general_ci;

--
-- Dumping data for table `tbl_division_office`
--

INSERT INTO `tbl_division_office` (`DivisionID`, `OfficeID`, `EmpID`, `District`, `Location`, `Designation`, `DivisionSecretariName`, `Name`) VALUES
(1, 16, 17, 'Nuwara Eliya', 'Ambagamuwa Divisional Secratariat, Ginigathhena, Ambagamuwa', 'div_officer', 'Mrs. Sithara Ruwini Gamage', 'Ambagamuwa'),
(2, 17, 18, 'Nuwara Eliya', 'Hanguranketha Divisional Secratariat, Hanguranketha', 'div_officer', 'Mr. R J Gamlath', 'Hanguranketha'),
(3, 18, 19, 'Nuwara Eliya', 'Kothmale Divisional Secretariat, Talawakele Rd, Tawalantenne', 'div_officer', 'Mr.R.A.Nadheera Lakma', 'Kothmale'),
(4, 19, 20, 'Nuwara Eliya', 'Nuwara Eliya Divisional Secretariat, Nuwara Eliya', 'div_officer', 'Mr. R G Rajendran', 'Nuwara Eliya'),
(5, 20, 21, 'Nuwara Eliya', 'Walapane Divisional Secretariat,  Walapane', 'div_officer', 'Mrs. S.P.Lindakumbura', 'Walapane'),
(6, 25, 26, 'Gampaha', 'dsd', 'div_officer', 'frkel', 'Dompe');

-- --------------------------------------------------------

--
-- Table structure for table `tbl_division_office_contact`
--

DROP TABLE IF EXISTS `tbl_division_office_contact`;
CREATE TABLE IF NOT EXISTS `tbl_division_office_contact` (
  `DivisionID` int NOT NULL,
  `Contact` text NOT NULL
) ENGINE=MyISAM DEFAULT CHARSET=utf8mb4 COLLATE=utf8mb4_general_ci;

--
-- Dumping data for table `tbl_division_office_contact`
--

INSERT INTO `tbl_division_office_contact` (`DivisionID`, `Contact`) VALUES
(1, '512242789'),
(2, '812369488'),
(3, '522299545'),
(4, '522222238'),
(5, '2147483647'),
(6, '0718569258');

-- --------------------------------------------------------

--
-- Table structure for table `tbl_employee`
--

DROP TABLE IF EXISTS `tbl_employee`;
CREATE TABLE IF NOT EXISTS `tbl_employee` (
  `EmpID` int NOT NULL AUTO_INCREMENT,
  `EmpNo` text CHARACTER SET utf8mb4 COLLATE utf8mb4_general_ci NOT NULL,
  `NameFull` varchar(100) CHARACTER SET utf8mb4 COLLATE utf8mb4_general_ci NOT NULL,
  `Gender` int NOT NULL,
  `NameInitials` varchar(50) CHARACTER SET utf8mb4 COLLATE utf8mb4_general_ci NOT NULL,
  `DOB` date NOT NULL,
  `NIC` text CHARACTER SET utf8mb4 COLLATE utf8mb4_general_ci NOT NULL,
  `StatusCivil` varchar(12) CHARACTER SET utf8mb4 COLLATE utf8mb4_general_ci NOT NULL,
  `StatusType` int NOT NULL COMMENT '0 - deactive, 1 - reactive ',
  `StatusDate` date NOT NULL,
  `StatusReason` varchar(200) CHARACTER SET utf8mb4 COLLATE utf8mb4_general_ci NOT NULL,
  `Email` text CHARACTER SET utf8mb4 COLLATE utf8mb4_general_ci NOT NULL,
  `PmanentAddressNo` text CHARACTER SET utf8mb4 COLLATE utf8mb4_general_ci NOT NULL,
  `PmanentAddLane` text CHARACTER SET utf8mb4 COLLATE utf8mb4_general_ci NOT NULL,
  `PmanentAddStreet` varchar(50) CHARACTER SET utf8mb4 COLLATE utf8mb4_general_ci NOT NULL,
  `PmanentAddTown` varchar(20) CHARACTER SET utf8mb4 COLLATE utf8mb4_general_ci NOT NULL,
  `CurrentAddNo` text CHARACTER SET utf8mb4 COLLATE utf8mb4_general_ci NOT NULL,
  `Designation` varchar(100) NOT NULL,
  `CurrentAddLane` text NOT NULL,
  `CurrentAddStreet` varchar(50) NOT NULL,
  `CurrentAddTown` varchar(20) NOT NULL,
  `ProfilePic` varchar(255) NOT NULL,
  PRIMARY KEY (`EmpID`)
) ENGINE=MyISAM AUTO_INCREMENT=30 DEFAULT CHARSET=utf8mb4 COLLATE=utf8mb4_general_ci;

--
-- Dumping data for table `tbl_employee`
--

INSERT INTO `tbl_employee` (`EmpID`, `EmpNo`, `NameFull`, `Gender`, `NameInitials`, `DOB`, `NIC`, `StatusCivil`, `StatusType`, `StatusDate`, `StatusReason`, `Email`, `PmanentAddressNo`, `PmanentAddLane`, `PmanentAddStreet`, `PmanentAddTown`, `CurrentAddNo`, `Designation`, `CurrentAddLane`, `CurrentAddStreet`, `CurrentAddTown`, `ProfilePic`) VALUES
(1, '0001', 'Setha Malini Senavirathna', 0, 'Senavirathna S M', '1954-06-26', '548692599v', 'M', 0, '0000-00-00', '', 'seetha@gmail.com', '51', 'Watareka Mw', 'Suwarapola', 'Piliyandala', '', 'Admin', '', '', '', '6496d3138b6930.63189405.jpg'),
(2, '0002', 'Chamila Kumari Diyas', 0, 'Diyas C K', '1983-06-08', '836296588V', 'U', 1, '2023-06-25', 'New Apointment', 'chamila@gmail.com', '8', 'Udugama rd', 'Uyangoda', 'Polonnaruwa', '65', 'ma_admin', '1st Lane', 'Madiwela Rd', 'Sri Jayawardanapura', '64985d017dbe31.50244103.jpg'),
(3, '0003', 'Janaka Kumara', 1, 'Kumara J', '1974-02-05', '748562966V', 'M', 1, '2023-06-25', 'New Apointment', 'janaka@yahoo.com', '98', 'Kirinda Rd', 'Galagama', 'Dikwella', '89', 'dir_admin', 'Cruse Plase', 'Madierla Rd', 'Sri Jayawardhanapura', '6498620e663958.46269829.jpg'),
(4, '0004', 'Shanika Malalgoda', 0, 'Malalgoda S', '1975-06-08', '756891255V', 'M', 1, '2023-06-25', 'New Apointment', 'shanika@gmail.com', '23', 'PAGIRIWATTA RD', 'AMBUL dENIYA', 'NUGEGODA', '', 'dir_plan_info', 'same', '', '', '649863d87f86f9.50157519.jpg'),
(5, '0005', 'Rohana Ranasinghe', 1, 'Ranasinghe R', '1970-03-07', '708561955V', 'M', 1, '2023-06-25', 'New Apointment', 'suro@gmail.com', '76', '3rd cross Street', 'Malambe Rd', 'Kottawa', '', 'dir_prog', 'same', '', '', '649865588a9ba6.26078494.jpg'),
(6, '0006', 'Dhanushka Nuwan Senarathna', 1, 'Senarathna D N', '1987-08-24', '876953688', 'U', 1, '2023-06-25', 'New Apointment', 'dhanu@gmail.com', '64', 'Ridiwihara Rd', 'Ridigama', 'Kurunegala', '69', 'ma_planning', '5th Lane', 'Madiwela Rd', 'Sri Jayawardanapura', '6498683829b6c5.05670064.jpg'),
(7, '0007', 'Anoma Siriwardhana', 0, 'Siriwardhana A', '1966-02-14', '668593566v', 'M', 1, '2023-06-25', 'New Apointment', 'anoma@gmail.com', '79', 'Broof Place', 'Nawalard', 'Rajagiriya', '', 'director_general', 'same', '', '', '649869aef29203.98810875.jpg'),
(8, '0008', 'Duminda Lakmika Perera', 1, 'Perera D L', '1979-01-12', '796583644V', 'M', 1, '2023-06-26', 'New Apointment', 'duminda@gmail.com', '76', '1st lane, Digampaha', 'Galle Rd', 'Kaluthara', '', 'ma_programme', 'same', '', '', '64994439c75ad4.76195288.jpg'),
(9, '0009', 'Champika Ayagama', 1, 'Ayagama C', '1987-07-14', '876593255v', 'U', 1, '2023-06-27', 'New Apointment', 'champi@gmail.com', '34', '5th lane', 'Sikuradapola', 'Kottawa', '', 'dir_phyco', 'same', '', '', '649a8b0d2b7920.29705163.png'),
(10, '0010', 'Sanath Gammage', 1, 'Gammage S', '1970-04-12', '708562499v', 'M', 1, '2023-06-27', 'New Apointment', 'sanath@gmail.com', '78', 'Raddella Rd', 'Demalaporuwa', 'Rathnapura', '76', 'ma_phyco', 'Jayanti Rd', 'Madiwela Rd', 'Sri Jayawardanapura', '649a8fc8997293.48780069.png'),
(11, '0011', 'Malika Nishandini De Silva', 0, 'Silva M N D', '1975-10-18', '7563289455V', 'M', 1, '2023-06-27', 'New Apointment', 'silva75@yahoo.com', '4', 'Dikkumbura Rd', 'Piliyandala Rd', 'Kottawa', '', 'dir_lawenfoce', 'same', '', '', '649a96ce200ce5.43199588.jpg'),
(12, '0012', 'Prithika Sakalasuriya', 0, 'Sakalasuriya P', '1965-12-22', '657619384V', 'M', 1, '2023-06-27', 'New Apointment', 'sakalasu@yahoo.com', '97', '3rd Lane, Embuldenuya Rd', 'Mirihana', 'Nugegoda', '', 'dir_legal', 'same', '', '', '649a97ebabb486.15504260.jpg'),
(13, '0013', 'Dushanthi Nethmini Senevirathna', 0, 'Senevirathna D N', '1981-02-15', '816493255V', 'M', 1, '2023-06-27', 'New Apointment', 'senavi81@gmail.com', '71', 'Salmal Plase, Pansala Rd', 'Boralesgamuwa', 'Maharagama', '', 'dir_finance', 'same', '', '', '649a99adb9f652.37856914.jpg'),
(14, '0014', 'Nisansala Hemantha', 0, 'Hemantha N', '1980-06-09', '809642633v', 'M', 1, '2023-06-28', 'New Apointment', 'nisansalahemantha@gmail.com', '142', 'Dumbaragedara Watta, Uduwawala', 'Katugastota', 'Kandy', '', 'dis_officer', 'same', '', '', '649bb69d909971.75877445.jpg'),
(15, '0015', 'Vishaka Munasinghe', 0, 'Munasinghe V', '1979-09-14', '796238911V', 'M', 1, '2023-06-28', 'New Apointment', 'wasanthnila@gmail.com', '102/A', 'Narangaspitiya', 'Hatharaliyadda', 'Matale', '', 'dis_officer', 'same', '', '', '649bb907b839c8.75942308.jpg'),
(16, '0016', 'Gajendran Jonathan Harendran', 0, 'Harendran G. J.', '1977-10-08', '776951833V', 'M', 1, '2023-06-28', 'New Apointment', 'harejaya@yahoo.com', '73', 'Ethum, 1st LAIN', 'Egal bend junction', 'Nuwara Eliya', '10', 'dis_officer', 'Pansala Road', 'Pansala Road', 'Kalmunai', '649bbbc42971e1.14332633.jpg'),
(17, '0017', 'Wjemuni Gamhewage Nihal Sahantha', 1, 'Sahantha W G S', '1977-03-16', '778623944V', 'M', 1, '2023-06-28', 'New Apointment', 'ambagamuwa.nihal@gmail.com', '78', 'Demal Watta', 'Karangoda', 'Ambagamuwa', '', 'div_officer', 'same', '', '', '649bc0a3b75008.00515484.jpg'),
(18, '0018', 'Nadeeka Dissanayake', 0, 'Dissanayake N', '1977-08-11', '776348911V', 'M', 1, '2023-06-28', 'New Apointment', 'amba.nadee@gmail.com', '', 'Sanasuma, Dutuwana', 'Nuwara Eliya Rd', 'Hanguranketha', '', 'div_officer', 'same', '', '', '649bc2a5424420.62867374.jpg'),
(19, '0019', 'Menike S', 0, 'Sanjeewani Menike', '1970-02-08', '706891438V', 'M', 1, '2023-06-28', 'New Apointment', 'sanjeewanie.indika07@gmail.com', 'H-25/2', 'Methagama', 'Maldeniya', 'Hatton', '', 'div_officer', 'same', '', '', '649bc5ed847e73.77945133.jpg'),
(20, '0020', 'Thiruppaman Kirubakaran', 1, 'Kirubakaran T', '1981-06-05', '816973166V', 'U', 1, '2023-06-28', 'New Apointment', 'krbaharan@yahoo.com', '06', 'Pedro group', 'Pedro division', 'Nuwara Eliya', '', 'div_officer', 'same', '', '', '649bca15eec877.55084656.jpg'),
(21, '0021', 'Waniganayaka Arachchilage Supipi Wathsala', 0, 'Wathsala W.A.S.', '1985-06-12', '856327466V', 'M', 1, '2023-06-28', 'New Apointment', 'supipiwathsala10@gmail.com', '4', '4th Lane', 'New Town', 'Embilipitiya', '76', 'div_officer', 'Watamanna Junction', 'NuwaraEliya Rd', 'Walapane', '649bcc082617c1.97845501.jpg'),
(22, '0022', 'Dhunuwakage Dilhani Priyangiha Silva', 0, 'Silva D D P', '1983-12-12', '836741298V', 'M', 1, '2023-07-06', 'New Apointment', 'dilsil@yahoo.com', '112', '3rd UpRound Lane, Jayawadana Gama', 'Pelawatta Rd', 'Battaramulla', '', 'ma_law', 'Same', '', '', '64a7042525cf84.04818132.jpg'),
(23, '0023', 'Dhilini Hansika', 0, 'Hansika D', '1980-07-27', '806490234V', 'M', 1, '2023-07-28', 'New Apointment', 'Anuradha@gmail.com', '75', 'Waniga Sekara Mw', 'Suwarapola', 'Piliyandala', '', 'ma_info', 'Same as above', '', '', '64c3ac828813f0.11507714.jpg'),
(24, '0030', 'Madhura Gayan Senavirathna', 1, 'Senavirathna M G', '1985-07-27', '856317566V', 'M', 1, '2023-07-29', 'New Apointment', 'm.senavirathna@gmail.com', '75', 'Waniga Sekara Mw', 'Suwarapola', 'Piliyandala', '', 'dis_officer', 'SAME', '', '', '67704f7f639197.84724337.png');

-- --------------------------------------------------------

--
-- Table structure for table `tbl_employee_contact`
--

DROP TABLE IF EXISTS `tbl_employee_contact`;
CREATE TABLE IF NOT EXISTS `tbl_employee_contact` (
  `EmpContactID` int NOT NULL AUTO_INCREMENT,
  `EmpID` int NOT NULL,
  `Contact` text NOT NULL,
  PRIMARY KEY (`EmpContactID`)
) ENGINE=MyISAM AUTO_INCREMENT=57 DEFAULT CHARSET=utf8mb4 COLLATE=utf8mb4_general_ci;

--
-- Dumping data for table `tbl_employee_contact`
--

INSERT INTO `tbl_employee_contact` (`EmpContactID`, `EmpID`, `Contact`) VALUES
(1, 2, '0718562396'),
(2, 2, '0117896325'),
(3, 3, '0719632586'),
(4, 3, '0650025678'),
(5, 4, '0719685925'),
(6, 4, '0112776574'),
(7, 5, '0779684633'),
(8, 5, '0118563278'),
(9, 6, '0718625965'),
(10, 6, '0718564925'),
(11, 7, '0719856325'),
(12, 7, '0778569356'),
(13, 8, '0719863256'),
(14, 8, '0713698456'),
(15, 9, '0718569325'),
(16, 9, '0718563295'),
(17, 10, '0719684325'),
(18, 10, '0458563275'),
(19, 11, '0766458326'),
(20, 11, '0112968543'),
(21, 12, '0763589423'),
(22, 12, '0115364972'),
(23, 13, '0718629354'),
(24, 13, '0112634987'),
(25, 14, '0718288873'),
(26, 14, '717865873'),
(27, 15, '770044763'),
(28, 15, '777836963'),
(29, 16, '710534136'),
(30, 16, '713971686'),
(31, 17, '702122427'),
(32, 17, '517189660'),
(33, 18, '717771356'),
(34, 18, '812369488'),
(35, 19, '717312832'),
(36, 19, '522259827'),
(37, 20, '774398738'),
(38, 20, '527412223'),
(39, 21, '717771421'),
(40, 21, '522278104'),
(41, 22, '778596175'),
(42, 22, '112352798'),
(43, 23, '0718396547'),
(44, 23, '0713846325'),
(45, 24, '0713846325'),
(46, 24, '0713846325'),
(47, 25, '0718459658'),
(48, 25, '0748965874'),
(49, 26, '0718562965'),
(50, 26, '0715896585'),
(51, 27, '0765896588'),
(52, 27, '0718563295'),
(53, 28, '0789563258'),
(54, 28, '0718563295'),
(55, 29, '0718863295'),
(56, 29, '0718863295');

-- --------------------------------------------------------

--
-- Table structure for table `tbl_in_person_msg`
--

DROP TABLE IF EXISTS `tbl_in_person_msg`;
CREATE TABLE IF NOT EXISTS `tbl_in_person_msg` (
  `PersonelMsgID` int NOT NULL AUTO_INCREMENT,
  `UserID` int NOT NULL,
  `Date` date NOT NULL,
  `PMsgFrom` text NOT NULL,
  `PMsgTo` text NOT NULL,
  `PersonelMsg` text NOT NULL,
  `Image` blob NOT NULL,
  PRIMARY KEY (`PersonelMsgID`)
) ENGINE=MyISAM DEFAULT CHARSET=utf8mb4 COLLATE=utf8mb4_general_ci;

-- --------------------------------------------------------

--
-- Table structure for table `tbl_list_cities`
--

DROP TABLE IF EXISTS `tbl_list_cities`;
CREATE TABLE IF NOT EXISTS `tbl_list_cities` (
  `id` int NOT NULL AUTO_INCREMENT,
  `district_id` int NOT NULL,
  `name_en` varchar(45) DEFAULT NULL,
  `postcode` varchar(15) DEFAULT NULL,
  `latitude` double DEFAULT NULL,
  `longitude` double DEFAULT NULL,
  PRIMARY KEY (`id`)
) ENGINE=MyISAM AUTO_INCREMENT=1847 DEFAULT CHARSET=utf8mb4 COLLATE=utf8mb4_general_ci;

--
-- Dumping data for table `tbl_list_cities`
--

INSERT INTO `tbl_list_cities` (`id`, `district_id`, `name_en`, `postcode`, `latitude`, `longitude`) VALUES
(1, 1, 'Akkaraipattu', '32400', 7.2167, 81.85),
(2, 1, 'Ambagahawatta', '90326', 7.4, 81.3),
(3, 1, 'Ampara', '32000', 7.2833, 81.6667),
(4, 1, 'Bakmitiyawa', '32024', 7.026268, 81.633832),
(5, 1, 'Deegawapiya', '32006', 7.2833, 81.6667),
(6, 1, 'Devalahinda', '32038', 7.1889, 81.5778),
(7, 1, 'Digamadulla Weeragoda', '32008', 7.2833, 81.6667),
(8, 1, 'Dorakumbura', '32104', 7.358849, 81.280133),
(9, 1, 'Gonagolla', '32064', 7.449853, 81.618014),
(10, 1, 'Hulannuge', '32514', 7.4, 81.3),
(11, 1, 'Kalmunai', '32300', 7.413897, 81.826718),
(12, 1, 'Kannakipuram', '32405', 7.2167, 81.85),
(13, 1, 'Karativu', '32250', 7.3833, 81.8333),
(14, 1, 'Kekirihena', '32074', 7.490724, 81.310836),
(15, 1, 'Koknahara', '32035', 7.184832, 81.555806),
(16, 1, 'Kolamanthalawa', '32102', 7.351733, 81.249913),
(17, 1, 'Komari', '32418', 6.976958, 81.78883),
(18, 1, 'Lahugala', '32512', 7.415566, 81.33954),
(19, 1, 'lmkkamam', '32450', 7.1125, 81.8542),
(20, 1, 'Mahaoya', '32070', 7.535248, 81.351145),
(21, 1, 'Marathamune', '32314', 7.45, 81.8167),
(22, 1, 'Namaloya', '32037', 7.1889, 81.5778),
(23, 1, 'Navithanveli', '32308', 7.4333, 81.7833),
(24, 1, 'Nintavur', '32340', 7.35, 81.85),
(25, 1, 'Oluvil', '32360', 7.2833, 81.85),
(26, 1, 'Padiyatalawa', '32100', 7.4, 81.2333),
(27, 1, 'Pahalalanda', '32034', 7.21752, 81.578714),
(28, 1, 'Panama', '32508', 6.812201, 81.712237),
(29, 1, 'Pannalagama', '32022', 7.0667, 81.6167),
(30, 1, 'Paragahakele', '32031', 7.25669, 81.609526),
(31, 1, 'Periyaneelavanai', '32316', 7.434002, 81.814169),
(32, 1, 'Polwaga Janapadaya', '32032', 7.1889, 81.5778),
(33, 1, 'Pottuvil', '32500', 6.8667, 81.8333),
(34, 1, 'Sainthamaruthu', '32280', 7.3833, 81.8333),
(35, 1, 'Samanthurai', '32200', 7.3833, 81.8333),
(36, 1, 'Serankada', '32101', 7.464517, 81.263599),
(37, 1, 'Tempitiya', '32072', 7.610374, 81.429907),
(38, 1, 'Thambiluvil', '32415', 7.132227, 81.819074),
(39, 1, 'Tirukovil', '32420', 7.1167, 81.85),
(40, 1, 'Uhana', '32060', 7.363281, 81.637746),
(41, 1, 'Wadinagala', '32039', 7.127849, 81.56922),
(42, 1, 'Wanagamuwa', '32454', 7.1125, 81.8542),
(43, 2, 'Angamuwa', '50248', 8.177645, 80.205048),
(44, 2, 'Anuradhapura', '50000', 8.35, 80.3833),
(45, 2, 'Awukana', '50169', 7.9753, 80.5266),
(46, 2, 'Bogahawewa', '50566', 8.328993, 80.251702),
(47, 2, 'Dematawewa', '50356', 8.357373, 80.870087),
(48, 2, 'Dimbulagala', '51031', 7.9167, 80.55),
(49, 2, 'Dutuwewa', '50393', 8.65, 80.5167),
(50, 2, 'Elayapattuwa', '50014', 8.413522, 80.318148),
(51, 2, 'Ellewewa', '51034', 7.9167, 80.55),
(52, 2, 'Eppawala', '50260', 8.1167, 80.7333),
(53, 2, 'Etawatunuwewa', '50584', 8.5595, 80.5476),
(54, 2, 'Etaweeragollewa', '50518', 8.613962, 80.539713),
(55, 2, 'Galapitagala', '32066', 8.089843, 80.685528),
(56, 2, 'Galenbindunuwewa', '50390', 8.5833, 80.55),
(57, 2, 'Galkadawala', '50006', 8.412861, 80.378175),
(58, 2, 'Galkiriyagama', '50120', 7.9414, 80.565),
(59, 2, 'Galkulama', '50064', 8.270414, 80.506526),
(60, 2, 'Galnewa', '50170', 8.2, 80.3667),
(61, 2, 'Gambirigaswewa', '50057', 8.4667, 80.3667),
(62, 2, 'Ganewalpola', '50142', 8.090528, 80.628195),
(63, 2, 'Gemunupura', '50224', 8.0667, 80.6833),
(64, 2, 'Getalawa', '50392', 8.6167, 80.5333),
(65, 2, 'Gnanikulama', '50036', 8.297336, 80.431753),
(66, 2, 'Gonahaddenawa', '50554', 8.5333, 80.5083),
(67, 2, 'Habarana', '50150', 8.047531, 80.748664),
(68, 2, 'Halmillawa Dambulla', '50124', 7.9474, 80.594),
(69, 2, 'Halmillawetiya', '50552', 8.35, 80.2667),
(70, 2, 'Hidogama', '50044', 8.250421, 80.418663),
(71, 2, 'Horawpatana', '50350', 8.4333, 80.8667),
(72, 2, 'Horiwila', '50222', 8.0667, 80.6833),
(73, 2, 'Hurigaswewa', '50176', 8.1333, 80.3667),
(74, 2, 'Hurulunikawewa', '50394', 8.6167, 80.5333),
(75, 2, 'Ihala Puliyankulama', '61316', 8.153213, 80.559989),
(76, 2, 'Kagama', '50282', 8.061465, 80.478039),
(77, 2, 'Kahatagasdigiliya', '50320', 8.4167, 80.6833),
(78, 2, 'Kahatagollewa', '50562', 8.45, 80.65),
(79, 2, 'Kalakarambewa', '50288', 8.0833, 80.4667),
(80, 2, 'Kalaoya', '50226', 8.0667, 80.6833),
(81, 2, 'Kalawedi Ulpotha', '50556', 8.5333, 80.5083),
(82, 2, 'Kallanchiya', '50454', 8.45, 80.55),
(83, 2, 'Kalpitiya', '61360', 8.2333, 79.7667),
(84, 2, 'Kalukele Badanagala', '51037', 7.9167, 80.55),
(85, 2, 'Kapugallawa', '50370', 8.4233, 80.6783),
(86, 2, 'Karagahawewa', '50232', 8.23416, 80.322772),
(87, 2, 'Kashyapapura', '51032', 7.9167, 80.55),
(88, 2, 'Kebithigollewa', '50500', 8.5333, 80.4833),
(89, 2, 'Kekirawa', '50100', 8.037462, 80.59801),
(90, 2, 'Kendewa', '50452', 8.4833, 80.6),
(91, 2, 'Kiralogama', '50259', 8.19407, 80.37012),
(92, 2, 'Kirigalwewa', '50511', 8.537767, 80.556651),
(93, 2, 'Kirimundalama', '61362', 8.2333, 79.7667),
(94, 2, 'Kitulhitiyawa', '50132', 7.916592, 80.63811),
(95, 2, 'Kurundankulama', '50062', 8.2, 80.45),
(96, 2, 'Labunoruwa', '50088', 8.168026, 80.617001),
(97, 2, 'Ihalagama', '50304', 8.35, 80.5),
(98, 2, 'Ipologama', '50280', 8.0833, 80.4667),
(99, 2, 'Madatugama', '50130', 7.940041, 80.638217),
(100, 2, 'Maha Elagamuwa', '50126', 7.991935, 80.61824),
(101, 2, 'Mahabulankulama', '50196', 7.9753, 80.5266),
(102, 2, 'Mahailluppallama', '50270', 8.106, 80.3619),
(103, 2, 'Mahakanadarawa', '50306', 8.35, 80.5),
(104, 2, 'Mahapothana', '50327', 8.4167, 80.6833),
(105, 2, 'Mahasenpura', '50574', 8.5595, 80.5476),
(106, 2, 'Mahawilachchiya', '50022', 8.2814, 80.4588),
(107, 2, 'Mailagaswewa', '50384', 8.4, 80.6333),
(108, 2, 'Malwanagama', '50236', 8.225, 80.3333),
(109, 2, 'Maneruwa', '50182', 7.895997, 80.475966),
(110, 2, 'Maradankadawala', '50080', 8.1333, 80.4833),
(111, 2, 'Maradankalla', '50308', 8.317498, 80.537899),
(112, 2, 'Medawachchiya', '50500', 8.540822, 80.495957),
(113, 2, 'Megodawewa', '50334', 8.2333, 80.7333),
(114, 2, 'Mihintale', '50300', 8.35, 80.5),
(115, 2, 'Morakewa', '50349', 8.513051, 80.778223),
(116, 2, 'Mulkiriyawa', '50324', 8.4167, 80.6833),
(117, 2, 'Muriyakadawala', '50344', 8.236464, 80.654663),
(118, 5, 'Colombo 15', '01500', 6.959444, 79.875278),
(119, 2, 'Nachchaduwa', '50046', 8.2667, 80.4667),
(120, 2, 'Namalpura', '50339', 8.2333, 80.7333),
(121, 2, 'Negampaha', '50180', 7.9872, 80.4597),
(122, 2, 'Nochchiyagama', '50200', 8.266802, 80.20823),
(123, 2, 'Nuwaragala', '51039', 7.9167, 80.55),
(124, 2, 'Padavi Maithripura', '50572', 8.5595, 80.5476),
(125, 2, 'Padavi Parakramapura', '50582', 8.5595, 80.5476),
(126, 2, 'Padavi Sripura', '50587', 8.5595, 80.5476),
(127, 2, 'Padavi Sritissapura', '50588', 8.5595, 80.5476),
(128, 2, 'Padaviya', '50570', 8.5595, 80.5476),
(129, 2, 'Padikaramaduwa', '50338', 8.2333, 80.7333),
(130, 2, 'Pahala Halmillewa', '50206', 8.21672, 80.19116),
(131, 2, 'Pahala Maragahawe', '50220', 8.0667, 80.6833),
(132, 2, 'Pahalagama', '50244', 8.186896, 80.283767),
(133, 2, 'Palugaswewa', '50144', 8.053538, 80.71918),
(134, 2, 'Pandukabayapura', '50448', 8.4467, 80.46731),
(135, 2, 'Pandulagama', '50029', 8.2814, 80.4588),
(136, 2, 'Parakumpura', '50326', 8.4167, 80.6833),
(137, 2, 'Parangiyawadiya', '50354', 8.491831, 80.910014),
(138, 2, 'Parasangahawewa', '50055', 8.4333, 80.4333),
(139, 2, 'Pelatiyawa', '51033', 7.9167, 80.55),
(140, 2, 'Pemaduwa', '50020', 8.2814, 80.4588),
(141, 2, 'Perimiyankulama', '50004', 8.270584, 80.535827),
(142, 2, 'Pihimbiyagolewa', '50512', 8.5595, 80.5476),
(143, 2, 'Pubbogama', '50122', 7.9167, 80.6),
(144, 2, 'Punewa', '50506', 8.6167, 80.4667),
(145, 2, 'Rajanganaya', '50246', 8.1708, 80.2833),
(146, 2, 'Rambewa', '50450', 8.4333, 80.5),
(147, 2, 'Rampathwila', '50386', 8.4, 80.6333),
(148, 2, 'Rathmalgahawewa', '50514', 8.5595, 80.5476),
(149, 2, 'Saliyapura', '50008', 8.3389, 80.4333),
(150, 2, 'Seeppukulama', '50380', 8.4, 80.6333),
(151, 2, 'Senapura', '50284', 8.0833, 80.4667),
(152, 2, 'Sivalakulama', '50068', 8.25237, 80.641743),
(153, 2, 'Siyambalewa', '50184', 7.95, 80.5167),
(154, 2, 'Sravasthipura', '50042', 8.2667, 80.4333),
(155, 2, 'Talawa', '50230', 8.2167, 80.35),
(156, 2, 'Tambuttegama', '50240', 8.15, 80.3),
(157, 2, 'Tammennawa', '50104', 8.0333, 80.6),
(158, 2, 'Tantirimale', '50016', 8.4, 80.3),
(159, 2, 'Telhiriyawa', '50242', 8.15, 80.3333),
(160, 2, 'Tirappane', '50072', 8.2167, 80.3833),
(161, 2, 'Tittagonewa', '50558', 8.7167, 80.75),
(162, 2, 'Udunuwara Colony', '50207', 8.2417, 80.1917),
(163, 2, 'Upuldeniya', '50382', 8.4, 80.6333),
(164, 2, 'Uttimaduwa', '50067', 8.254989, 80.55487),
(165, 2, 'Vellamanal', '31053', 8.5167, 81.1833),
(166, 2, 'Viharapalugama', '50012', 8.4, 80.3),
(167, 2, 'Wahalkada', '50564', 8.5667, 80.6222),
(168, 2, 'Wahamalgollewa', '50492', 8.479838, 80.497451),
(169, 2, 'Walagambahuwa', '50086', 8.153134, 80.499049),
(170, 2, 'Walahaviddawewa', '50516', 8.5595, 80.5476),
(171, 2, 'Welimuwapotana', '50358', 8.4333, 80.8667),
(172, 2, 'Welioya Project', '50586', 8.5595, 80.5476),
(173, 3, 'Akkarasiyaya', '90166', 6.7792, 80.9208),
(174, 3, 'Aluketiyawa', '90736', 7.317155, 81.127134),
(175, 3, 'Aluttaramma', '90722', 7.2167, 81.0667),
(176, 3, 'Ambadandegama', '90108', 6.81591, 81.056492),
(177, 3, 'Ambagasdowa', '90300', 6.928519, 80.892126),
(178, 3, 'Arawa', '90017', 7.162769, 81.07755),
(179, 3, 'Arawakumbura', '90532', 7.084925, 81.198802),
(180, 3, 'Arawatta', '90712', 7.328715, 81.036976),
(181, 3, 'Atakiriya', '90542', 7.0667, 81.1056),
(182, 3, 'Badulla', '90000', 6.995365, 81.048438),
(183, 3, 'Baduluoya', '90019', 7.151852, 81.023867),
(184, 3, 'Ballaketuwa', '90092', 6.862905, 81.097249),
(185, 3, 'Bambarapana', '90322', 7.1167, 81.0375),
(186, 3, 'Bandarawela', '90100', 6.828867, 80.990898),
(187, 3, 'Beramada', '90066', 7.055713, 80.987238),
(188, 3, 'Bibilegama', '90502', 6.887473, 81.141268),
(189, 3, 'Boragas', '90362', 6.901625, 80.840162),
(190, 3, 'Boralanda', '90170', 6.828637, 80.881603),
(191, 3, 'Bowela', '90302', 6.95, 80.9333),
(192, 3, 'Central Camp', '32050', 7.3589, 81.1759),
(193, 3, 'Damanewela', '32126', 7.2125, 81.0583),
(194, 3, 'Dambana', '90714', 7.3583, 81.1083),
(195, 3, 'Dehiattakandiya', '32150', 7.2125, 81.0583),
(196, 3, 'Demodara', '90080', 6.899055, 81.053273),
(197, 3, 'Diganatenna', '90132', 6.8667, 80.9667),
(198, 3, 'Dikkapitiya', '90214', 6.7381, 80.9669),
(199, 3, 'Dimbulana', '90324', 7.006897, 80.948431),
(200, 3, 'Divulapelessa', '90726', 7.2167, 81.0667),
(201, 3, 'Diyatalawa', '90150', 6.8, 80.9667),
(202, 3, 'Dulgolla', '90104', 6.819618, 81.012115),
(203, 3, 'Ekiriyankumbura', '91502', 7.269736, 81.226709),
(204, 3, 'Ella', '90090', 6.874485, 81.050937),
(205, 3, 'Ettampitiya', '90140', 6.9342, 80.9853),
(206, 3, 'Galauda', '90065', 7.037347, 80.981759),
(207, 3, 'Galporuyaya', '90752', 7.4, 81.05),
(208, 3, 'Gawarawela', '90082', 6.897394, 81.069668),
(209, 3, 'Girandurukotte', '90750', 7.4, 81.05),
(210, 3, 'Godunna', '90067', 7.071959, 80.975003),
(211, 3, 'Gurutalawa', '90208', 6.8431, 80.9228),
(212, 3, 'Haldummulla', '90180', 6.77061, 80.884385),
(213, 3, 'Hali Ela', '90060', 6.95, 81.0333),
(214, 3, 'Hangunnawa', '90224', 6.948019, 80.871427),
(215, 3, 'Haputale', '90160', 6.7667, 80.9667),
(216, 3, 'Hebarawa', '90724', 7.2167, 81.0667),
(217, 3, 'Heeloya', '90112', 6.8212, 80.9407),
(218, 3, 'Helahalpe', '90122', 6.8212, 80.9407),
(219, 3, 'Helapupula', '90094', 6.8556, 81.0722),
(220, 3, 'Hopton', '90524', 6.9594, 81.1552),
(221, 3, 'Idalgashinna', '96167', 6.7833, 80.9),
(222, 3, 'Kahataruppa', '90052', 7.023705, 81.105188),
(223, 3, 'Kalugahakandura', '90546', 7.123675, 81.094178),
(224, 3, 'Kalupahana', '90186', 6.770298, 80.854521),
(225, 3, 'Kebillawela', '90102', 6.816937, 80.993072),
(226, 3, 'Kendagolla', '90048', 6.990765, 81.110073),
(227, 3, 'Keselpotha', '90738', 7.32819, 81.083285),
(228, 3, 'Ketawatta', '90016', 7.103503, 81.080813),
(229, 3, 'Kiriwanagama', '90184', 6.971183, 80.91551),
(230, 3, 'Koslanda', '90190', 6.759935, 81.027417),
(231, 3, 'Kuruwitenna', '90728', 7.2167, 81.0667),
(232, 3, 'Kuttiyagolla', '90046', 7.0167, 81.0833),
(233, 3, 'Landewela', '90068', 7.002113, 81.000496),
(234, 3, 'Liyangahawela', '90106', 6.817452, 81.032456),
(235, 3, 'Lunugala', '90530', 7.041299, 81.199335),
(236, 3, 'Lunuwatta', '90310', 6.953933, 80.917059),
(237, 3, 'Madulsima', '90535', 7.045064, 81.133375),
(238, 3, 'Mahiyanganaya', '90700', 7.2444, 81.1167),
(239, 3, 'Makulella', '90114', 6.8212, 80.9407),
(240, 3, 'Malgoda', '90754', 7.4, 81.05),
(241, 3, 'Mapakadawewa', '90730', 7.3, 81.1167),
(242, 3, 'Maspanna', '90328', 7.024427, 80.942159),
(243, 3, 'Maussagolla', '90582', 6.898433, 81.147817),
(244, 3, 'Mawanagama', '32158', 7.2125, 81.0583),
(245, 3, 'Medawela Udukinda', '90218', 6.846, 80.9279),
(246, 3, 'Meegahakiula', '90015', 7.0833, 80.9833),
(247, 3, 'Metigahatenna', '90540', 6.9667, 81.0833),
(248, 3, 'Mirahawatta', '90134', 6.8817, 80.9347),
(249, 3, 'Miriyabedda', '90504', 6.9167, 81.15),
(250, 3, 'Nawamedagama', '32120', 7.2125, 81.0583),
(251, 3, 'Nelumgama', '90042', 7, 81.0917),
(252, 3, 'Nikapotha', '90165', 6.740622, 80.97083),
(253, 3, 'Nugatalawa', '90216', 6.9, 80.8833),
(254, 3, 'Ohiya', '90168', 6.821352, 80.841789),
(255, 3, 'Pahalarathkinda', '90756', 7.4, 81.05),
(256, 3, 'Pallekiruwa', '90534', 7.007551, 81.227033),
(257, 3, 'Passara', '90500', 6.935017, 81.151166),
(258, 3, 'Pattiyagedara', '90138', 6.8742, 80.9507),
(259, 3, 'Pelagahatenna', '90522', 6.9594, 81.1552),
(260, 3, 'Perawella', '90222', 6.943148, 80.84264),
(261, 3, 'Pitamaruwa', '90544', 7.106546, 81.135882),
(262, 3, 'Pitapola', '90171', 6.803692, 80.884474),
(263, 3, 'Puhulpola', '90212', 6.907145, 80.931109),
(264, 3, 'Rajagalatenna', '32068', 7.5458, 81.125),
(265, 3, 'Ratkarawwa', '90164', 6.8, 80.9167),
(266, 3, 'Ridimaliyadda', '90704', 7.2333, 81.1),
(267, 3, 'Silmiyapura', '90364', 6.912388, 80.843988),
(268, 3, 'Sirimalgoda', '90044', 7.003857, 81.073671),
(269, 3, 'Siripura', '32155', 7.2125, 81.0583),
(270, 3, 'Sorabora Colony', '90718', 7.3583, 81.1083),
(271, 3, 'Soragune', '90183', 6.8333, 80.8778),
(272, 3, 'Soranatota', '90008', 7.0167, 81.05),
(273, 3, 'Taldena', '90014', 7.0833, 81.05),
(274, 3, 'Timbirigaspitiya', '90012', 7.0333, 81.05),
(275, 3, 'Uduhawara', '90226', 6.94706, 80.85877),
(276, 3, 'Uraniya', '90702', 7.237143, 81.102818),
(277, 3, 'Uva Karandagolla', '90091', 6.8333, 81.0667),
(278, 3, 'Uva Mawelagama', '90192', 6.7333, 81.0167),
(279, 3, 'Uva Tenna', '90188', 6.8333, 80.8778),
(280, 3, 'Uva Tissapura', '90734', 7.3, 81.1167),
(281, 3, 'Welimada', '90200', 6.906059, 80.913222),
(282, 3, 'Werunketagoda', '32062', 7.5458, 81.125),
(283, 3, 'Wewatta', '90716', 7.337729, 81.201255),
(284, 3, 'Wineethagama', '90034', 7.029, 80.937),
(285, 3, 'Yalagamuwa', '90329', 7.047834, 80.950541),
(286, 3, 'Yalwela', '90706', 7.2667, 81.15),
(287, 4, 'Addalaichenai', '32350', 7.4833, 81.75),
(288, 4, 'Ampilanthurai', '30162', 7.8597, 81.4411),
(289, 4, 'Araipattai', '30150', 7.667705, 81.725335),
(290, 4, 'Ayithiyamalai', '30362', 7.670934, 81.574798),
(291, 4, 'Bakiella', '30206', 7.5083, 81.7583),
(292, 4, 'Batticaloa', '30000', 7.7167, 81.7),
(293, 4, 'Cheddipalayam', '30194', 7.575161, 81.783189),
(294, 4, 'Chenkaladi', '30350', 7.7833, 81.6),
(295, 4, 'Eravur', '30300', 7.768518, 81.619817),
(296, 4, 'Kaluwanchikudi', '30200', 7.5167, 81.7833),
(297, 4, 'Kaluwankemy', '30372', 7.8, 81.5667),
(298, 4, 'Kannankudah', '30016', 7.675505, 81.674125),
(299, 4, 'Karadiyanaru', '30354', 7.689478, 81.531117),
(300, 4, 'Kathiraveli', '30456', 8.243933, 81.360298),
(301, 4, 'Kattankudi', '30100', 7.675, 81.73),
(302, 4, 'Kiran', '30394', 7.866841, 81.529737),
(303, 4, 'Kirankulam', '30159', 7.615628, 81.764245),
(304, 4, 'Koddaikallar', '30249', 7.6389, 81.6639),
(305, 4, 'Kokkaddichcholai', '30160', 7.8597, 81.4411),
(306, 4, 'Kurukkalmadam', '30192', 7.594069, 81.77497),
(307, 4, 'Mandur', '30220', 7.482114, 81.762407),
(308, 4, 'Miravodai', '30426', 7.9, 81.5167),
(309, 4, 'Murakottanchanai', '30392', 7.8667, 81.5333),
(310, 4, 'Navagirinagar', '30238', 7.525, 81.725),
(311, 4, 'Navatkadu', '30018', 7.5833, 81.7167),
(312, 4, 'Oddamavadi', '30420', 7.9167, 81.5167),
(313, 4, 'Palamunai', '32354', 7.4833, 81.75),
(314, 4, 'Pankudavely', '30352', 7.75, 81.5667),
(315, 4, 'Periyaporativu', '30230', 7.536243, 81.764557),
(316, 4, 'Periyapullumalai', '30358', 7.561255, 81.47434),
(317, 4, 'Pillaiyaradi', '30022', 7.75, 81.6333),
(318, 4, 'Punanai', '30428', 7.9667, 81.3833),
(319, 4, 'Thannamunai', '30024', 7.76355, 81.645852),
(320, 4, 'Thettativu', '30196', 7.5833, 81.7833),
(321, 4, 'Thikkodai', '30236', 7.525269, 81.684177),
(322, 4, 'Thirupalugamam', '30234', 7.525, 81.725),
(323, 4, 'Unnichchai', '30364', 7.6167, 81.55),
(324, 4, 'Vakaneri', '30424', 7.9167, 81.4333),
(325, 4, 'Vakarai', '30450', 8.165968, 81.415623),
(326, 4, 'Valaichenai', '30400', 7.7, 81.6),
(327, 4, 'Vantharumoolai', '30376', 7.807445, 81.591476),
(328, 4, 'Vellavely', '30204', 7.5, 81.7333),
(329, 5, 'Akarawita', '10732', 6.95, 80.1),
(330, 5, 'Ambalangoda', '80300', 6.77533, 79.96413),
(331, 5, 'Athurugiriya', '10150', 6.873072, 79.997214),
(332, 5, 'Avissawella', '10700', 6.955003, 80.211692),
(333, 5, 'Batawala', '10513', 6.877924, 80.051592),
(334, 5, 'Battaramulla', '10120', 6.900299, 79.922136),
(335, 5, 'Biyagama', '11650', 6.9408, 79.9889),
(336, 5, 'Bope', '10522', 6.8333, 80.1167),
(337, 5, 'Boralesgamuwa', '10290', 6.8425, 79.9006),
(338, 5, 'Colombo 8', '00800', 6.914722, 79.877778),
(339, 5, 'Dedigamuwa', '10656', 6.9115, 80.0622),
(340, 5, 'Dehiwala', '10350', 6.856387, 79.865156),
(341, 5, 'Deltara', '10302', 6.7833, 79.9167),
(342, 5, 'Habarakada', '10204', 6.882518, 80.017704),
(343, 5, 'Hanwella', '10650', 6.905988, 80.083333),
(344, 5, 'Hiripitya', '10232', 6.85, 79.95),
(345, 5, 'Hokandara', '10118', 6.890237, 79.969894),
(346, 5, 'Homagama', '10200', 6.85685, 80.005384),
(347, 5, 'Horagala', '10502', 6.807635, 80.066995),
(348, 5, 'Kaduwela', '10640', 6.930497, 79.984817),
(349, 5, 'Kaluaggala', '11224', 6.9167, 80.1),
(350, 5, 'Kapugoda', '10662', 6.9486, 80.1),
(351, 5, 'Kehelwatta', '12550', 6.75, 79.9167),
(352, 5, 'Kiriwattuduwa', '10208', 6.804157, 80.009759),
(353, 5, 'Kolonnawa', '10600', 6.933035, 79.888095),
(354, 5, 'Kosgama', '10730', 6.9333, 80.1411),
(355, 5, 'Madapatha', '10306', 6.766824, 79.930103),
(356, 5, 'Maharagama', '10280', 6.843401, 79.932766),
(357, 5, 'Malabe', '10115', 6.901241, 79.958072),
(358, 5, 'Moratuwa', '10400', 6.7733, 79.8825),
(359, 5, 'Mount Lavinia', '10370', 6.838864, 79.863141),
(360, 5, 'Mullegama', '10202', 6.887403, 80.012959),
(361, 5, 'Napawela', '10704', 6.9531, 80.2183),
(362, 5, 'Nugegoda', '10250', 6.877563, 79.886231),
(363, 5, 'Padukka', '10500', 6.837834, 80.090301),
(364, 5, 'Pannipitiya', '10230', 6.843999, 79.944518),
(365, 5, 'Piliyandala', '10300', 6.7981, 79.9264),
(366, 5, 'Pitipana Homagama', '10206', 6.8477, 80.016),
(367, 5, 'Polgasowita', '10320', 6.7842, 79.9811),
(368, 5, 'Pugoda', '10660', 6.9703, 80.1222),
(369, 5, 'Ranala', '10654', 6.915253, 80.032962),
(370, 5, 'Siddamulla', '10304', 6.815785, 79.955978),
(371, 5, 'Siyambalagoda', '81462', 6.800041, 79.966845),
(372, 5, 'Sri Jayawardenepu', '10100', 6.8897, 79.9359),
(373, 5, 'Talawatugoda', '10116', 6.8692, 79.9411),
(374, 5, 'Tummodara', '10682', 6.9061, 80.1353),
(375, 5, 'Waga', '10680', 6.9061, 80.1353),
(376, 5, 'Colombo 6', '00600', 6.874657, 79.860483),
(377, 6, 'Agaliya', '80212', 6.1833, 80.2),
(378, 6, 'Ahangama', '80650', 5.970765, 80.370204),
(379, 6, 'Ahungalla', '80562', 6.315216, 80.03029),
(380, 6, 'Akmeemana', '80090', 6.1845, 80.3032),
(381, 6, 'Alawatugoda', '20140', 6.4167, 80),
(382, 6, 'Aluthwala', '80332', 6.180801, 80.136538),
(383, 6, 'Ampegama', '80204', 6.193907, 80.14453),
(384, 6, 'Amugoda', '80422', 6.314635, 80.22104),
(385, 6, 'Anangoda', '80044', 6.0722, 80.2389),
(386, 6, 'Angulugaha', '80122', 6.036963, 80.322148),
(387, 6, 'Ankokkawala', '80048', 6.05329, 80.274014),
(388, 6, 'Aselapura', '51072', 6.3167, 80.0333),
(389, 6, 'Baddegama', '80200', 6.165975, 80.201841),
(390, 6, 'Balapitiya', '80550', 6.269254, 80.036054),
(391, 6, 'Banagala', '80143', 6.2706, 80.42),
(392, 6, 'Batapola', '80320', 6.235697, 80.120034),
(393, 6, 'Bentota', '80500', 6.4211, 79.9989),
(394, 6, 'Boossa', '80270', 6.2233, 80.2),
(395, 6, 'Dellawa', '81477', 6.335012, 80.452741),
(396, 6, 'Dikkumbura', '80654', 6.012945, 80.376153),
(397, 6, 'Dodanduwa', '80250', 6.0967, 80.1456),
(398, 6, 'Ella Tanabaddegama', '80402', 6.2922, 80.1988),
(399, 6, 'Elpitiya', '80400', 6.300214, 80.171923),
(400, 6, 'Galle', '80000', 6.0536, 80.2117),
(401, 6, 'Ginimellagaha', '80220', 6.2233, 80.2),
(402, 6, 'Gintota', '80280', 6.0564, 80.1839),
(403, 6, 'Godahena', '80302', 6.2333, 80.0667),
(404, 6, 'Gonamulla Junction', '80054', 6.0667, 80.3),
(405, 6, 'Gonapinuwala', '80230', 6.2233, 80.2),
(406, 6, 'Habaraduwa', '80630', 6.0043, 80.326),
(407, 6, 'Haburugala', '80506', 6.4052, 80.038306),
(408, 6, 'Hikkaduwa', '80240', 6.139535, 80.113201),
(409, 6, 'Hiniduma', '80080', 6.316028, 80.328888),
(410, 6, 'Hiyare', '80056', 6.079898, 80.317871),
(411, 6, 'Kahaduwa', '80460', 6.2244, 80.21),
(412, 6, 'Kahawa', '80312', 6.185429, 80.07601),
(413, 6, 'Karagoda', '80151', 6.084182, 80.395041),
(414, 6, 'Karandeniya', '80360', 6.260467, 80.072462),
(415, 6, 'Kosgoda', '80570', 6.332288, 80.028315),
(416, 6, 'Kottawagama', '80062', 6.1375, 80.3419),
(417, 6, 'Kottegoda', '81180', 6.1667, 80.1),
(418, 6, 'Kuleegoda', '80328', 6.2167, 80.1167),
(419, 6, 'Magedara', '80152', 6.108129, 80.393927),
(420, 6, 'Mahawela Sinhapura', '51076', 6.3167, 80.0333),
(421, 6, 'Mapalagama', '80112', 6.234713, 80.27784),
(422, 6, 'Mapalagama Central', '80116', 6.2167, 80.3),
(423, 6, 'Mattaka', '80424', 6.302366, 80.254218),
(424, 6, 'Meda-Keembiya', '80092', 6.1845, 80.3032),
(425, 6, 'Meetiyagoda', '80330', 6.189135, 80.093504),
(426, 6, 'Nagoda', '80110', 6.201296, 80.277829),
(427, 6, 'Nakiyadeniya', '80064', 6.143029, 80.338164),
(428, 6, 'Nawadagala', '80416', 6.304655, 80.134175),
(429, 6, 'Neluwa', '80082', 6.37393, 80.363267),
(430, 6, 'Nindana', '80318', 6.207731, 80.107663),
(431, 6, 'Pahala Millawa', '81472', 6.293995, 80.475431),
(432, 6, 'Panangala', '80075', 6.274182, 80.334525),
(433, 6, 'Pannimulla Panagoda', '80086', 6.36, 80.3653),
(434, 6, 'Parana ThanaYamgoda', '80114', 6.2167, 80.3),
(435, 6, 'Patana', '22012', 6.1333, 80.1167),
(436, 6, 'Pitigala', '80420', 6.348894, 80.217851),
(437, 6, 'Poddala', '80170', 6.1167, 80.2167),
(438, 6, 'Polgampola', '12136', 6.3244, 80.4383),
(439, 6, 'Porawagama', '80408', 6.279568, 80.231811),
(440, 6, 'Rantotuwila', '80354', 6.3833, 80.0833),
(441, 6, 'Talagampola', '80058', 6.0667, 80.3),
(442, 6, 'Talgaspe', '80406', 6.3, 80.2),
(443, 6, 'Talpe', '80615', 6.0061, 80.2961),
(444, 6, 'Tawalama', '80148', 6.3333, 80.3333),
(445, 6, 'Tiranagama', '80244', 6.1333, 80.1167),
(446, 6, 'Udalamatta', '80108', 6.18924, 80.306106),
(447, 6, 'Udugama', '80070', 6.188469, 80.338951),
(448, 6, 'Uluvitike', '80168', 6.3056, 80.309),
(449, 6, 'Unawatuna', '80600', 6.0169, 80.249901),
(450, 6, 'Unenwitiya', '80214', 6.2417, 80.225),
(451, 6, 'Uragaha', '80352', 6.35, 80.1167),
(452, 6, 'Uragasmanhandiya', '80350', 6.358461, 80.082277),
(453, 6, 'Wakwella', '80042', 6.1, 80.1833),
(454, 6, 'Walahanduwa', '80046', 6.05443, 80.251763),
(455, 6, 'Wanchawela', '80120', 6.0333, 80.3167),
(456, 6, 'Wanduramba', '80100', 6.136388, 80.252794),
(457, 6, 'Warukandeniya', '80084', 6.381574, 80.43131),
(458, 6, 'Watugedara', '80340', 6.25, 80.05),
(459, 6, 'Weihena', '80216', 6.310127, 80.23392),
(460, 6, 'Welikanda', '51070', 6.3167, 80.0333),
(461, 6, 'Wilanagama', '20142', 6.4167, 80),
(462, 6, 'Yakkalamulla', '80150', 6.109027, 80.349195),
(463, 6, 'Yatalamatta', '80107', 6.172247, 80.293052),
(464, 7, 'Akaragama', '11536', 7.262603, 79.958057),
(465, 7, 'Ambagaspitiya', '11052', 7.0833, 80.0667),
(466, 7, 'Ambepussa', '11212', 7.25, 80.1667),
(467, 7, 'Andiambalama', '11558', 7.188346, 79.902344),
(468, 7, 'Attanagalla', '11120', 7.1119, 80.1328),
(469, 7, 'Badalgama', '11538', 7.291218, 79.978003),
(470, 7, 'Banduragoda', '11244', 7.2319, 80.0678),
(471, 7, 'Batuwatta', '11011', 7.058399, 79.932048),
(472, 7, 'Bemmulla', '11040', 7.120933, 80.028191),
(473, 7, 'Biyagama IPZ', '11672', 6.9492, 80.0153),
(474, 7, 'Bokalagama', '11216', 7.2333, 80.15),
(475, 7, 'Bollete (WP)', '11024', 7.0667, 79.95),
(476, 7, 'Bopagama', '11134', 7.079641, 80.15868),
(477, 7, 'Buthpitiya', '11720', 7.042846, 80.051854),
(478, 7, 'Dagonna', '11524', 7.221568, 79.927455),
(479, 7, 'Danowita', '11896', 7.2028, 80.1758),
(480, 7, 'Debahera', '11889', 7.1389, 80.0981),
(481, 7, 'Dekatana', '11690', 6.968317, 80.035385),
(482, 7, 'Delgoda', '11700', 6.986583, 80.01576),
(483, 7, 'Delwagura', '11228', 7.265367, 80.003272),
(484, 7, 'Demalagama', '11692', 6.988934, 80.046886),
(485, 7, 'Demanhandiya', '11270', 7.2333, 79.9),
(486, 7, 'Dewalapola', '11102', 7.162553, 79.997446),
(487, 7, 'Divulapitiya', '11250', 7.2167, 80.0156),
(488, 7, 'Divuldeniya', '11208', 7.3, 80.1),
(489, 7, 'Dompe', '11680', 6.949806, 80.055083),
(490, 7, 'Dunagaha', '11264', 7.2342, 79.9756),
(491, 7, 'Ekala', '11380', 7.105558, 79.91532),
(492, 7, 'Ellakkala', '11116', 7.135968, 80.132524),
(493, 7, 'Essella', '11108', 7.178736, 80.021603),
(494, 7, 'Galedanda', '90206', 6.964202, 79.930611),
(495, 7, 'Gampaha', '11000', 7.0917, 79.9942),
(496, 7, 'Ganemulla', '11020', 7.064183, 79.963294),
(497, 7, 'Giriulla', '60140', 7.3275, 80.1267),
(498, 7, 'Gonawala', '11630', 6.9612, 79.9992),
(499, 7, 'Halpe', '70145', 7.261935, 80.10821),
(500, 7, 'Hapugastenna', '70164', 7.1, 80.1667),
(501, 7, 'Heiyanthuduwa', '11618', 6.96283, 79.963309),
(502, 7, 'Hinatiyana Madawala', '11568', 7.1667, 79.95),
(503, 7, 'Hiswella', '11734', 7.021559, 80.160869),
(504, 7, 'Horampella', '11564', 7.185188, 79.976771),
(505, 7, 'Hunumulla', '11262', 7.244925, 79.996921),
(506, 7, 'Hunupola', '60582', 7.111463, 80.130625),
(507, 7, 'Ihala Madampella', '11265', 7.250345, 79.960941),
(508, 7, 'Imbulgoda', '11856', 7.035, 79.9931),
(509, 7, 'Ja-Ela', '11350', 7.076147, 79.894932),
(510, 7, 'Kadawatha', '11850', 7.0258, 79.9882),
(511, 7, 'Kahatowita', '11144', 7.0667, 80.1167),
(512, 7, 'Kalagedihena', '11875', 7.118004, 80.058001),
(513, 7, 'Kaleliya', '11160', 7.195, 80.1136),
(514, 7, 'Kandana', '11320', 7.05056, 79.895123),
(515, 7, 'Katana', '11534', 7.2517, 79.9078),
(516, 7, 'Katudeniya', '21016', 7.3, 80.0833),
(517, 7, 'Katunayake', '11450', 7.1647, 79.8731),
(518, 7, 'Katunayake Air Force Camp', '11440', 7.1407, 79.8782),
(519, 7, 'Katunayake(FTZ)', '11420', 7.1407, 79.8782),
(520, 7, 'Katuwellegama', '11526', 7.208557, 79.94572),
(521, 7, 'Kelaniya', '11600', 6.956357, 79.921431),
(522, 7, 'Kimbulapitiya', '11522', 7.202265, 79.908937),
(523, 7, 'Kirindiwela', '11730', 7.044223, 80.126707),
(524, 7, 'Kitalawalana', '11206', 7.3, 80.1),
(525, 7, 'Kochchikade', '11540', 7.2581, 79.8542),
(526, 7, 'Kotadeniyawa', '11232', 7.279861, 80.05581),
(527, 7, 'Kotugoda', '11390', 7.1217, 79.9297),
(528, 7, 'Kumbaloluwa', '11105', 7.179375, 80.082233),
(529, 7, 'Loluwagoda', '11204', 7.294586, 80.126624),
(530, 7, 'Mabodale', '11114', 7.2, 80.0167),
(531, 7, 'Madelgamuwa', '11033', 7.110062, 79.948175),
(532, 7, 'Makewita', '11358', 7.1, 79.9333),
(533, 7, 'Makola', '11640', 6.983178, 79.9525),
(534, 7, 'Malwana', '11670', 6.951988, 80.012561),
(535, 7, 'Mandawala', '11061', 7.003066, 80.097082),
(536, 7, 'Marandagahamula', '11260', 7.2447, 79.9696),
(537, 7, 'Mellawagedara', '11234', 7.285808, 80.023977),
(538, 7, 'Minuwangoda', '11550', 7.176455, 79.954904),
(539, 7, 'Mirigama', '11200', 7.2414, 80.1325),
(540, 7, 'Miriswatta', '80508', 7.0711, 80.0183),
(541, 7, 'Mithirigala', '11742', 6.9648, 80.0648),
(542, 7, 'Muddaragama', '11112', 7.2167, 80.05),
(543, 7, 'Mudungoda', '11056', 7.064698, 79.999092),
(544, 7, 'Mulleriyawa New Town', '10620', 6.9301, 80.0549),
(545, 7, 'Naranwala', '11063', 7.001631, 80.027404),
(546, 7, 'Nawana', '11222', 7.270062, 80.092618),
(547, 7, 'Nedungamuwa', '11066', 7.05, 80.0333),
(548, 7, 'Negombo', '11500', 7.2086, 79.8358),
(549, 7, 'Nikadalupotha', '60580', 7.1167, 80.1333),
(550, 7, 'Nikahetikanda', '11128', 7.099089, 80.179551),
(551, 7, 'Nittambuwa', '11880', 7.144243, 80.096178),
(552, 7, 'Niwandama', '11354', 7.078762, 79.928331),
(553, 7, 'Opatha', '80142', 7.132037, 79.921419),
(554, 7, 'Pamunugama', '11370', 7.094359, 79.844569),
(555, 7, 'Pamunuwatta', '11214', 7.214678, 80.139696),
(556, 7, 'Panawala', '70612', 6.9833, 80.0333),
(557, 7, 'Pasyala', '11890', 7.172926, 80.115911),
(558, 7, 'Peliyagoda', '11830', 6.960977, 79.878852),
(559, 7, 'Pepiliyawala', '11741', 7.002342, 80.128886),
(560, 7, 'Pethiyagoda', '11043', 7.1167, 80.0167),
(561, 7, 'Polpithimukulana', '11324', 7.0444, 79.8782),
(562, 7, 'Puwakpitiya', '10712', 7.040498, 80.064451),
(563, 7, 'Radawadunna', '11892', 7.177279, 80.141344),
(564, 7, 'Radawana', '11725', 7.029871, 80.100915),
(565, 7, 'Raddolugama', '11400', 7.140656, 79.898198),
(566, 7, 'Ragama', '11010', 7.025281, 79.917386),
(567, 7, 'Ruggahawila', '11142', 7.0667, 80.1167),
(568, 7, 'Seeduwa', '11410', 7.132059, 79.885024),
(569, 7, 'Siyambalape', '11607', 6.964545, 79.986406),
(570, 7, 'Talahena', '11504', 7.1667, 79.8167),
(571, 7, 'Thambagalla', '60584', 7.1167, 80.1333),
(572, 7, 'Thimbirigaskatuwa', '11532', 7.2669, 79.9495),
(573, 7, 'Tittapattara', '10664', 6.9297, 80.0889),
(574, 7, 'Udathuthiripitiya', '11054', 7.075, 80.0333),
(575, 7, 'Udugampola', '11030', 7.1167, 79.9833),
(576, 7, 'Uggalboda', '11034', 7.135549, 79.948259),
(577, 7, 'Urapola', '11126', 7.104792, 80.136935),
(578, 7, 'Uswetakeiyawa', '11328', 7.031046, 79.860339),
(579, 7, 'Veyangoda', '11100', 7.156981, 80.095842),
(580, 7, 'Walgammulla', '11146', 7.071902, 80.116511),
(581, 7, 'Walpita', '11226', 7.258131, 80.034704),
(582, 7, 'Walpola (WP)', '11012', 7.0418, 79.9257),
(583, 7, 'Wathurugama', '11724', 7.0421, 80.0701),
(584, 7, 'Watinapaha', '11104', 7.2, 79.9833),
(585, 7, 'Wattala', '11104', 6.990037, 79.892207),
(586, 7, 'Weboda', '11858', 7.0167, 79.9833),
(587, 7, 'Wegowwa', '11562', 7.178443, 79.962063),
(588, 7, 'Weweldeniya', '11894', 7.1834, 80.1446),
(589, 7, 'Yakkala', '11870', 7.1167, 80.05),
(590, 7, 'Yatiyana', '11566', 7.184998, 79.931858),
(591, 8, 'Ambalantota', '82100', 6.114494, 81.025983),
(592, 8, 'Angunakolapelessa', '82220', 6.162261, 80.899471),
(593, 8, 'Angunakolawewa', '91302', 6.389127, 81.093226),
(594, 8, 'Bandagiriya Colony', '82005', 6.1833, 81.1389),
(595, 8, 'Barawakumbuka', '82110', 6.1667, 80.8167),
(596, 8, 'Beliatta', '82400', 6.048637, 80.734343),
(597, 8, 'Beragama', '82102', 6.15, 81.0667),
(598, 8, 'Beralihela', '82618', 6.2556, 81.2944),
(599, 8, 'Bundala', '82002', 6.195164, 81.250493),
(600, 8, 'Ellagala', '82619', 6.26867, 81.359512),
(601, 8, 'Gangulandeniya', '82586', 6.2833, 80.7167),
(602, 8, 'Getamanna', '82420', 6.036244, 80.669146),
(603, 8, 'Goda Koggalla', '82401', 6.0333, 80.75),
(604, 8, 'Gonagamuwa Uduwila', '82602', 6.25, 81.2917),
(605, 8, 'Gonnoruwa', '82006', 6.230443, 81.112465),
(606, 8, 'Hakuruwela', '82248', 6.146456, 80.83047),
(607, 8, 'Hambantota', '82000', 6.127563, 81.111287),
(608, 8, 'Handugala', '81326', 6.188877, 80.62414),
(609, 8, 'Hungama', '82120', 6.108006, 80.927144),
(610, 8, 'Ihala Beligalla', '82412', 6.092378, 80.747311),
(611, 8, 'Ittademaliya', '82462', 6.167432, 80.735179),
(612, 8, 'Julampitiya', '82252', 6.2261, 80.7403),
(613, 8, 'Kahandamodara', '82126', 6.078654, 80.902917),
(614, 8, 'Kariyamaditta', '82274', 6.257359, 80.809448),
(615, 8, 'Katuwana', '82500', 6.2667, 80.6972),
(616, 8, 'Kawantissapura', '82622', 6.2786, 81.2524),
(617, 8, 'Kirama', '82550', 6.2117, 80.6653),
(618, 8, 'Kirinda', '82614', 6.268985, 81.290653),
(619, 8, 'Lunama', '82108', 6.098517, 80.971511),
(620, 8, 'Lunugamwehera', '82634', 6.3417, 81.15),
(621, 8, 'Magama', '82608', 6.280108, 81.270354),
(622, 8, 'Mahagalwewa', '82016', 6.1833, 81.1389),
(623, 8, 'Mamadala', '82109', 6.158126, 80.96681),
(624, 8, 'Medamulana', '82254', 6.175878, 80.770016),
(625, 8, 'Middeniya', '82270', 6.2494, 80.7672),
(626, 8, 'Migahajandur', '82014', 6.1833, 81.1389),
(627, 8, 'Modarawana', '82416', 6.117576, 80.720781),
(628, 8, 'Mulkirigala', '82242', 6.12, 80.7397),
(629, 8, 'Nakulugamuwa', '82300', 6.1842, 80.9063),
(630, 8, 'Netolpitiya', '82135', 6.066848, 80.850703),
(631, 8, 'Nihiluwa', '82414', 6.077147, 80.696499),
(632, 8, 'Padawkema', '82636', 6.35, 81.1667),
(633, 8, 'Pahala Andarawewa', '82008', 6.1833, 81.1389),
(634, 8, 'Rammalawarapitiya', '82554', 6.2117, 80.6653),
(635, 8, 'Ranakeliya', '82612', 6.2167, 81.3),
(636, 8, 'Ranmuduwewa', '82018', 6.1833, 81.1389),
(637, 8, 'Ranna', '82125', 6.103377, 80.890168),
(638, 8, 'Ratmalwala', '82276', 6.2667, 80.85),
(639, 8, 'RU/Ridiyagama', '82106', 6.1375, 81.0042),
(640, 8, 'Sooriyawewa Town', '82010', 6.1833, 81.1389),
(641, 8, 'Tangalla', '82200', 6.0231, 80.7889),
(642, 8, 'Tissamaharama', '82600', 6.370333, 81.328087),
(643, 8, 'Uda Gomadiya', '82504', 6.2667, 80.6972),
(644, 8, 'Udamattala', '82638', 6.3333, 81.1333),
(645, 8, 'Uswewa', '82278', 6.246247, 80.862175),
(646, 8, 'Vitharandeniya', '82232', 6.1824, 80.806),
(647, 8, 'Walasmulla', '82450', 6.15, 80.7),
(648, 8, 'Weeraketiya', '82240', 6.135, 80.7865),
(649, 8, 'Weerawila', '82632', 6.3417, 81.15),
(650, 8, 'Weerawila NewTown', '82615', 6.2556, 81.2944),
(651, 8, 'Wekandawela', '82246', 6.135, 80.7865),
(652, 8, 'Weligatta', '82004', 6.205897, 81.196032),
(653, 8, 'Yatigala', '82418', 6.1, 80.6833),
(654, 9, 'Jaffna', '40000', 9.660668, 80.022706),
(655, 10, 'Agalawatta', '12200', 6.541499, 80.155785),
(656, 10, 'Alubomulla', '12524', 6.711977, 79.965857),
(657, 10, 'Anguruwatota', '12320', 6.6383, 80.0861),
(658, 10, 'Atale', '71363', 6.45, 80.2667),
(659, 10, 'Baduraliya', '12230', 6.523102, 80.232371),
(660, 10, 'Bandaragama', '12530', 6.710264, 79.986087),
(661, 10, 'Batugampola', '10526', 6.769068, 80.142775),
(662, 10, 'Bellana', '12224', 6.518936, 80.183117),
(663, 10, 'Beruwala', '12070', 6.4739, 79.9842),
(664, 10, 'Bolossagama', '12008', 6.62099, 80.015288),
(665, 10, 'Bombuwala', '12024', 6.5833, 80.0167),
(666, 10, 'Boralugoda', '12142', 6.438709, 80.278799),
(667, 10, 'Bulathsinhala', '12300', 6.666199, 80.164896),
(668, 10, 'Danawala Thiniyawala', '12148', 6.4333, 80.2667),
(669, 10, 'Delmella', '12304', 6.67833, 80.210488),
(670, 10, 'Dharga Town', '12090', 6.648, 80.0089),
(671, 10, 'Diwalakada', '12308', 6.696767, 80.146983),
(672, 10, 'Dodangoda', '12020', 6.555952, 80.006847),
(673, 10, 'Dombagoda', '12416', 6.661797, 80.053343),
(674, 10, 'Ethkandura', '80458', 6.4415, 80.1807),
(675, 10, 'Galpatha', '12005', 6.5983, 80.0015),
(676, 10, 'Gamagoda', '12016', 6.597103, 80.005539),
(677, 10, 'Gonagalpura', '80502', 6.6307, 80.0169),
(678, 10, 'Gonapola Junction', '12410', 6.6944, 80.0333),
(679, 10, 'Govinna', '12310', 6.663337, 80.116274),
(680, 10, 'Gurulubadda', '12236', 6.5333, 80.2667),
(681, 10, 'Halkandawila', '12055', 6.5167, 80.0167),
(682, 10, 'Haltota', '12538', 6.69554, 80.02127),
(683, 10, 'Halvitigala Colony', '80146', 6.5791, 80.2233),
(684, 10, 'Halwala', '12118', 6.416524, 80.106562),
(685, 10, 'Halwatura', '12306', 6.7, 80.2),
(686, 10, 'Handapangoda', '10524', 6.789746, 80.140774),
(687, 10, 'Hedigalla Colony', '12234', 6.5333, 80.2667),
(688, 10, 'Henegama', '11715', 6.7167, 80.0333),
(689, 10, 'Hettimulla', '71210', 6.461362, 79.992643),
(690, 10, 'Horana', '12400', 6.719389, 80.061557),
(691, 10, 'Ittapana', '12116', 6.42254, 80.079501),
(692, 10, 'Kahawala', '10508', 6.7833, 80.1),
(693, 10, 'Kalawila Kiranthidiya', '12078', 6.4619, 80.0004),
(694, 10, 'Kalutara', '12000', 6.581333, 79.958546),
(695, 10, 'Kananwila', '12418', 6.7667, 80.05),
(696, 10, 'Kandanagama', '12428', 6.7667, 80.0778),
(697, 10, 'Kelinkanda', '12218', 6.587128, 80.29322),
(698, 10, 'Kitulgoda', '12222', 6.5167, 80.1833),
(699, 10, 'Koholana', '12007', 6.618149, 79.989353),
(700, 10, 'Kuda Uduwa', '12426', 6.747871, 80.078499),
(701, 10, 'Labbala', '60162', 6.4833, 80),
(702, 10, 'lhalahewessa', '80432', 6.4415, 80.1807),
(703, 10, 'lnduruwa', '80510', 6.4681, 80.0257),
(704, 10, 'lngiriya', '12440', 6.7296, 80.0604),
(705, 10, 'Maggona', '12060', 6.503158, 79.977597),
(706, 10, 'Mahagama', '12210', 6.620177, 80.154204),
(707, 10, 'Mahakalupahana', '12126', 6.3917, 80.1417),
(708, 10, 'Maharangalla', '71211', 6.4667, 80),
(709, 10, 'Malgalla Talangalla', '80144', 6.5791, 80.2233),
(710, 10, 'Matugama', '12100', 6.5222, 80.1144),
(711, 10, 'Meegahatenna', '12130', 6.3637, 80.285),
(712, 10, 'Meegama', '12094', 6.648, 80.0089),
(713, 10, 'Meegoda', '10504', 6.8053, 80.0829),
(714, 10, 'Millaniya', '12412', 6.686206, 80.017227),
(715, 10, 'Millewa', '12422', 6.7833, 80.0667),
(716, 10, 'Miwanapalana', '12424', 6.75, 80.1),
(717, 10, 'Molkawa', '12216', 6.607725, 80.238612),
(718, 10, 'Morapitiya', '12232', 6.527127, 80.263667),
(719, 10, 'Morontuduwa', '12564', 6.65, 79.9667),
(720, 10, 'Nawattuduwa', '12106', 6.5019, 80.0937),
(721, 10, 'Neboda', '12030', 6.5906, 80.0842),
(722, 10, 'Padagoda', '12074', 6.456979, 80.009049),
(723, 10, 'Pahalahewessa', '12144', 6.4333, 80.2667),
(724, 10, 'Paiyagala', '12050', 6.5167, 80.0167),
(725, 10, 'Panadura', '12500', 6.7133, 79.9042),
(726, 10, 'Pannala', '60160', 6.4833, 80),
(727, 10, 'Paragastota', '12414', 6.6667, 80),
(728, 10, 'Paragoda', '12302', 6.627108, 80.24112),
(729, 10, 'Paraigama', '12122', 6.4167, 80.1167),
(730, 10, 'Pelanda', '12214', 6.6056, 80.2333),
(731, 10, 'Pelawatta', '12138', 6.385227, 80.207989),
(732, 10, 'Pimbura', '70472', 6.570997, 80.161311),
(733, 10, 'Pitagaldeniya', '71360', 6.45, 80.2667),
(734, 10, 'Pokunuwita', '12404', 6.7333, 80.0333),
(735, 10, 'Poruwedanda', '12432', 6.7333, 80.1167),
(736, 10, 'Ratmale', '81030', 6.45, 80.2),
(737, 10, 'Remunagoda', '12009', 6.594994, 80.031349),
(738, 10, 'Talgaswela', '80470', 6.4415, 80.1807),
(739, 10, 'Tebuwana', '12025', 6.5944, 80.0611),
(740, 10, 'Uduwara', '12322', 6.6167, 80.0667),
(741, 10, 'Utumgama', '12127', 6.3917, 80.1417),
(742, 10, 'Veyangalla', '12204', 6.5422, 80.1583),
(743, 10, 'Wadduwa', '12560', 6.667121, 79.924051),
(744, 10, 'Walagedara', '12112', 6.437775, 80.071449),
(745, 10, 'Walallawita', '12134', 6.3667, 80.2),
(746, 10, 'Waskaduwa', '12580', 6.6317, 79.9442),
(747, 10, 'Welipenna', '12108', 6.466448, 80.101763),
(748, 10, 'Weliveriya', '11710', 6.7167, 80.0333),
(749, 10, 'Welmilla Junction', '12534', 6.7072, 80.01),
(750, 10, 'Weragala', '71622', 6.527062, 80.004097),
(751, 10, 'Yagirala', '12124', 6.378714, 80.161812),
(752, 10, 'Yatadolawatta', '12104', 6.52309, 80.064428),
(753, 10, 'Yatawara Junction', '12006', 6.5983, 80.0015),
(754, 11, 'Aludeniya', '20062', 7.370491, 80.46648),
(755, 11, 'Ambagahapelessa', '20986', 7.243803, 81.00264),
(756, 11, 'Ambagamuwa Udabulathgama', '20678', 7.0333, 80.5),
(757, 11, 'Ambatenna', '20136', 7.3472, 80.6192),
(758, 11, 'Ampitiya', '20160', 7.2667, 80.65),
(759, 11, 'Ankumbura', '20150', 7.434149, 80.568704),
(760, 11, 'Atabage', '20574', 7.1333, 80.6),
(761, 11, 'Balana', '20308', 7.269032, 80.485503),
(762, 11, 'Bambaragahaela', '20644', 7.0523, 80.5023),
(763, 11, 'Batagolladeniya', '20154', 7.41596, 80.576688),
(764, 11, 'Batugoda', '20132', 7.366275, 80.59604),
(765, 11, 'Batumulla', '20966', 7.256086, 80.978905),
(766, 11, 'Bawlana', '20218', 7.211388, 80.718828),
(767, 11, 'Bopana', '20932', 7.3, 80.9),
(768, 11, 'Danture', '20465', 7.2833, 80.5333),
(769, 11, 'Dedunupitiya', '20068', 7.3333, 80.4333),
(770, 11, 'Dekinda', '20658', 7.014688, 80.509932),
(771, 11, 'Deltota', '20430', 7.2, 80.6667),
(772, 11, 'Divulankadawala', '51428', 7.175, 80.55),
(773, 11, 'Dolapihilla', '20126', 7.393576, 80.584659),
(774, 11, 'Dolosbage', '20510', 7.0806, 80.4731),
(775, 11, 'Dunuwila', '20824', 7.3833, 80.6333),
(776, 11, 'Etulgama', '20202', 7.2333, 80.65),
(777, 11, 'Galaboda', '20664', 6.9875, 80.5319),
(778, 11, 'Galagedara', '20100', 7.369716, 80.520308),
(779, 11, 'Galaha', '20420', 7.195764, 80.668659),
(780, 11, 'Galhinna', '20152', 7.418361, 80.560015),
(781, 11, 'Gampola', '20500', 7.1647, 80.5767),
(782, 11, 'Gelioya', '20620', 7.2136, 80.6017),
(783, 11, 'Godamunna', '20214', 7.227313, 80.697447),
(784, 11, 'Gomagoda', '20184', 7.3167, 80.7333),
(785, 11, 'Gonagantenna', '20712', 7.1517, 80.7118),
(786, 11, 'Gonawalapatana', '20656', 7.0358, 80.5262),
(787, 11, 'Gunnepana', '20270', 7.2696, 80.6537),
(788, 11, 'Gurudeniya', '20189', 7.265953, 80.702921),
(789, 11, 'Hakmana', '81300', 7.334701, 80.82402),
(790, 11, 'Handaganawa', '20984', 7.277451, 80.989485),
(791, 11, 'Handawalapitiya', '20438', 7.2, 80.6667),
(792, 11, 'Handessa', '20480', 7.230048, 80.580831),
(793, 11, 'Hanguranketha', '20710', 7.1517, 80.7118),
(794, 11, 'Harangalagama', '20669', 7.0271, 80.5493),
(795, 11, 'Hataraliyadda', '20060', 7.3333, 80.4667),
(796, 11, 'Hindagala', '20414', 7.231512, 80.600815),
(797, 11, 'Hondiyadeniya', '20524', 7.1364, 80.5766),
(798, 11, 'Hunnasgiriya', '20948', 7.298756, 80.849834),
(799, 11, 'Inguruwatta', '60064', 7.175038, 80.599767),
(800, 11, 'Jambugahapitiya', '20822', 7.3833, 80.6333),
(801, 11, 'Kadugannawa', '20300', 7.2536, 80.5275),
(802, 11, 'Kahataliyadda', '20924', 7.376, 80.8213),
(803, 11, 'Kalugala', '20926', 7.390136, 80.883008),
(804, 11, 'Kandy', '20000', 7.2964, 80.635),
(805, 11, 'Kapuliyadde', '20206', 7.2401, 80.6808),
(806, 11, 'Katugastota', '20800', 7.3161, 80.6211),
(807, 11, 'Katukitula', '20588', 7.1089, 80.6339),
(808, 11, 'Kelanigama', '20688', 7.0049, 80.5182),
(809, 11, 'Kengalla', '20186', 7.296461, 80.711767),
(810, 11, 'Ketaboola', '20660', 7.0271, 80.5493),
(811, 11, 'Ketakumbura', '20306', 7.210532, 80.571678),
(812, 11, 'Kobonila', '20928', 7.376, 80.8213),
(813, 11, 'Kolabissa', '20212', 7.225, 80.7167),
(814, 11, 'Kolongoda', '20971', 7.3552, 80.8375),
(815, 11, 'Kulugammana', '20048', 7.315193, 80.590268),
(816, 11, 'Kumbukkandura', '20902', 7.2969, 80.7686),
(817, 11, 'Kumburegama', '20086', 7.357279, 80.551316),
(818, 11, 'Kundasale', '20168', 7.2667, 80.6833),
(819, 11, 'Leemagahakotuwa', '20482', 7.2333, 80.5833),
(820, 11, 'lhala Kobbekaduwa', '20042', 7.3167, 80.5833),
(821, 11, 'Lunugama', '11062', 7.198402, 80.578244),
(822, 11, 'Lunuketiya Maditta', '20172', 7.3292, 80.716),
(823, 11, 'Madawala Bazaar', '20260', 7.2696, 80.6537),
(824, 11, 'Madawalalanda', '32016', 7.3792, 80.4982),
(825, 11, 'Madugalla', '20938', 7.265802, 80.882139),
(826, 11, 'Madulkele', '20840', 7.400281, 80.728874),
(827, 11, 'Mahadoraliyadda', '20945', 7.3, 80.85),
(828, 11, 'Mahamedagama', '20216', 7.225, 80.7167),
(829, 11, 'Mahanagapura', '32018', 7.3792, 80.4982),
(830, 11, 'Mailapitiya', '20702', 7.1517, 80.7118),
(831, 11, 'Makkanigama', '20828', 7.3833, 80.6333),
(832, 11, 'Makuldeniya', '20921', 7.341706, 80.777466),
(833, 11, 'Mangalagama', '32069', 7.285856, 80.563656),
(834, 11, 'Mapakanda', '20662', 7.007889, 80.531101),
(835, 11, 'Marassana', '20210', 7.221663, 80.732336),
(836, 11, 'Marymount Colony', '20714', 7.1517, 80.7118),
(837, 11, 'Mawatura', '20564', 7.1, 80.5667),
(838, 11, 'Medamahanuwara', '20940', 7.3, 80.85),
(839, 11, 'Medawala Harispattuwa', '20120', 7.3417, 80.6833),
(840, 11, 'Meetalawa', '20512', 7.0986, 80.4699),
(841, 11, 'Megoda Kalugamuwa', '20409', 7.2631, 80.6028),
(842, 11, 'Menikdiwela', '20470', 7.288455, 80.501662),
(843, 11, 'Menikhinna', '20170', 7.3167, 80.7),
(844, 11, 'Mimure', '20923', 7.4333, 80.8333),
(845, 11, 'Minigamuwa', '20109', 7.3333, 80.5167),
(846, 11, 'Minipe', '20983', 7.223556, 80.990971),
(847, 11, 'Moragahapallama', '32012', 7.3792, 80.4982),
(848, 11, 'Murutalawa', '20232', 7.3, 80.5667),
(849, 11, 'Muruthagahamulla', '20526', 7.1364, 80.5766),
(850, 11, 'Nanuoya', '22150', 7.1171, 80.6387),
(851, 11, 'Naranpanawa', '20176', 7.339733, 80.729831),
(852, 11, 'Narawelpita', '81302', 7.3167, 80.8),
(853, 11, 'Nawalapitiya', '20650', 7.05048, 80.530631),
(854, 11, 'Nawathispane', '20670', 7.0333, 80.5),
(855, 11, 'Nillambe', '20418', 7.15, 80.6333),
(856, 11, 'Nugaliyadda', '20204', 7.2333, 80.7),
(857, 11, 'Ovilikanda', '21020', 7.45, 80.5667),
(858, 11, 'Pallekotuwa', '20084', 7.3333, 80.5667),
(859, 11, 'Panwilatenna', '20544', 7.1556, 80.6314),
(860, 11, 'Paradeka', '20578', 7.12293, 80.618959),
(861, 11, 'Pasbage', '20654', 7.0358, 80.5262),
(862, 11, 'Pattitalawa', '20511', 7.1167, 80.4667),
(863, 11, 'Peradeniya', '20400', 7.2631, 80.6028),
(864, 11, 'Pilimatalawa', '20450', 7.2333, 80.5333),
(865, 11, 'Poholiyadda', '20106', 7.343274, 80.520186),
(866, 11, 'Pubbiliya', '21502', 7.385927, 80.481336),
(867, 11, 'Pupuressa', '20546', 7.115632, 80.677455),
(868, 11, 'Pussellawa', '20580', 7.112565, 80.644101),
(869, 11, 'Putuhapuwa', '20906', 7.334198, 80.759353),
(870, 11, 'Rajawella', '20180', 7.280519, 80.748217),
(871, 11, 'Rambukpitiya', '20676', 7.0333, 80.5),
(872, 11, 'Rambukwella', '20128', 7.294759, 80.777664),
(873, 11, 'Rangala', '20922', 7.344486, 80.795047),
(874, 11, 'Rantembe', '20990', 7.3552, 80.8375),
(875, 11, 'Sangarajapura', '20044', 7.3167, 80.5833),
(876, 11, 'Senarathwela', '20904', 7.280125, 80.761602),
(877, 11, 'Talatuoya', '20200', 7.2536, 80.6925),
(878, 11, 'Teldeniya', '20900', 7.2969, 80.7686),
(879, 11, 'Tennekumbura', '20166', 7.2833, 80.6667),
(880, 11, 'Uda Peradeniya', '20404', 7.249001, 80.614072),
(881, 11, 'Udahentenna', '20506', 7.0889, 80.5189),
(882, 11, 'Udatalawinna', '20802', 7.3161, 80.6211),
(883, 11, 'Udispattuwa', '20916', 7.3552, 80.8375),
(884, 11, 'Ududumbara', '20950', 7.3552, 80.8375),
(885, 11, 'Uduwahinna', '20934', 7.2833, 80.8917),
(886, 11, 'Uduwela', '20164', 7.2722, 80.6667),
(887, 11, 'Ulapane', '20562', 7.114072, 80.552445),
(888, 11, 'Unuwinna', '20708', 7.1517, 80.7118),
(889, 11, 'Velamboda', '20640', 7.0523, 80.5023),
(890, 11, 'Watagoda', '22110', 7.39731, 80.588304),
(891, 11, 'Watagoda Harispattuwa', '20134', 7.3569, 80.6012),
(892, 11, 'Wattappola', '20454', 7.234802, 80.543661),
(893, 11, 'Weligampola', '20666', 7.0271, 80.5493),
(894, 11, 'Wendaruwa', '20914', 7.3552, 80.8375),
(895, 11, 'Weragantota', '20982', 7.3167, 80.9833),
(896, 11, 'Werapitya', '20908', 7.2969, 80.7686),
(897, 11, 'Werellagama', '20080', 7.3167, 80.5833),
(898, 11, 'Wettawa', '20108', 7.3508, 80.5221),
(899, 11, 'Yahalatenna', '20234', 7.3, 80.5667),
(900, 11, 'Yatihalagala', '20034', 7.3, 80.6),
(901, 12, 'Alawala', '11122', 7.197379, 80.282779),
(902, 12, 'Alawatura', '71204', 7.1333, 80.3333),
(903, 12, 'Alawwa', '60280', 7.2875, 80.2536),
(904, 12, 'Algama', '71607', 7.158338, 80.162939),
(905, 12, 'Alutnuwara', '71508', 7.2333, 80.4667),
(906, 12, 'Ambalakanda', '71546', 7.134049, 80.446804),
(907, 12, 'Ambulugala', '71503', 7.239127, 80.409623),
(908, 12, 'Amitirigala', '71320', 7.0306, 80.1839),
(909, 12, 'Ampagala', '71232', 7.080239, 80.289037),
(910, 12, 'Anhandiya', '60074', 7.2667, 80.2667),
(911, 12, 'Anhettigama', '71403', 6.922121, 80.371876),
(912, 12, 'Aranayaka', '71540', 7.144705, 80.461358),
(913, 12, 'Aruggammana', '71041', 7.117733, 80.306712),
(914, 12, 'Batuwita', '71321', 7.044339, 80.179129),
(915, 12, 'Beligala(Sab)', '71044', 7.2167, 80.2917),
(916, 12, 'Belihuloya', '70140', 7.2667, 80.2167),
(917, 12, 'Berannawa', '71706', 7.064482, 80.405526),
(918, 12, 'Bopitiya', '60155', 7.179761, 80.205221),
(919, 12, 'Bopitiya (SAB)', '71612', 7.2583, 80.2167),
(920, 12, 'Boralankada', '71418', 6.979656, 80.330338),
(921, 12, 'Bossella', '71208', 7.1333, 80.4),
(922, 12, 'Bulathkohupitiya', '71230', 7.105994, 80.338761),
(923, 12, 'Damunupola', '71034', 7.187968, 80.334456),
(924, 12, 'Debathgama', '71037', 7.1833, 80.3583),
(925, 12, 'Dedugala', '71237', 7.093849, 80.418959),
(926, 12, 'Deewala Pallegama', '71022', 7.2333, 80.2667),
(927, 12, 'Dehiowita', '71400', 6.9706, 80.2675),
(928, 12, 'Deldeniya', '71009', 7.280914, 80.35876),
(929, 12, 'Deloluwa', '71401', 6.9653, 80.3181),
(930, 12, 'Deraniyagala', '71430', 6.932387, 80.335039),
(931, 12, 'Dewalegama', '71050', 7.278928, 80.319135),
(932, 12, 'Dewanagala', '71527', 7.2167, 80.4667),
(933, 12, 'Dombemada', '71115', 7.37974, 80.348761),
(934, 12, 'Dorawaka', '71601', 7.1833, 80.2167),
(935, 12, 'Dunumala', '71605', 7.1738, 80.2074),
(936, 12, 'Galapitamada', '71603', 7.14, 80.2364),
(937, 12, 'Galatara', '71505', 7.2167, 80.4167),
(938, 12, 'Galigamuwa Town', '71350', 7.2, 80.3),
(939, 12, 'Gallella', '70062', 6.85, 80.35),
(940, 12, 'Galpatha(Sab)', '71312', 7.05, 80.2333),
(941, 12, 'Gantuna', '71222', 7.1667, 80.3667),
(942, 12, 'Getahetta', '70620', 6.9128, 80.2358),
(943, 12, 'Godagampola', '70556', 6.885959, 80.313855),
(944, 12, 'Gonagala', '71318', 7.035326, 80.207373),
(945, 12, 'Hakahinna', '71352', 7.2, 80.3),
(946, 12, 'Hakbellawaka', '71715', 7.003952, 80.328796),
(947, 12, 'Halloluwa', '20032', 7.2, 80.35),
(948, 12, 'Hedunuwewa', '22024', 6.9306, 80.2747),
(949, 12, 'Hemmatagama', '71530', 7.1667, 80.5),
(950, 12, 'Hewadiwela', '71108', 7.372493, 80.377574),
(951, 12, 'Hingula', '71520', 7.247803, 80.469032),
(952, 12, 'Hinguralakanda', '71417', 6.91506, 80.304394),
(953, 12, 'Hingurana', '32010', 6.9167, 80.4167),
(954, 12, 'Hiriwadunna', '71014', 7.2833, 80.3833),
(955, 12, 'Ihala Walpola', '80134', 7.350958, 80.397324),
(956, 12, 'Ihalagama', '70144', 7.2667, 80.3333),
(957, 12, 'Imbulana', '71313', 7.08264, 80.245565),
(958, 12, 'Imbulgasdeniya', '71055', 7.2853, 80.3186),
(959, 12, 'Kabagamuwa', '71202', 7.136698, 80.341558),
(960, 12, 'Kahapathwala', '60062', 7.3, 80.4583),
(961, 12, 'Kandaketya', '90020', 7.2333, 80.4667),
(962, 12, 'Kannattota', '71372', 7.081348, 80.275311),
(963, 12, 'Karagahinna', '21014', 7.3604, 80.3832),
(964, 12, 'Kegalle', '71000', 7.249349, 80.351662),
(965, 12, 'Kehelpannala', '71533', 7.161131, 80.519539),
(966, 12, 'Ketawala Leula', '20198', 7.1167, 80.35),
(967, 12, 'Kitulgala', '71720', 6.9944, 80.4114),
(968, 12, 'Kondeniya', '71501', 7.2667, 80.4333),
(969, 12, 'Kotiyakumbura', '71370', 7.0833, 80.2667),
(970, 12, 'Lewangama', '71315', 7.112902, 80.239),
(971, 12, 'Mahabage', '71722', 7.019803, 80.450227),
(972, 12, 'Makehelwala', '71507', 7.282441, 80.47528),
(973, 12, 'Malalpola', '71704', 7.053091, 80.351009),
(974, 12, 'Maldeniya', '22021', 6.9306, 80.2747),
(975, 12, 'Maliboda', '71411', 6.887528, 80.464212),
(976, 12, 'Maliyadda', '90022', 7.2333, 80.4667),
(977, 12, 'Malmaduwa', '71325', 7.15, 80.2833),
(978, 12, 'Marapana', '70041', 7.2333, 80.35),
(979, 12, 'Mawanella', '71500', 7.244446, 80.439045),
(980, 12, 'Meetanwala', '60066', 7.3, 80.4583),
(981, 12, 'Migastenna Sabara', '71716', 7.0333, 80.3333),
(982, 12, 'Miyanawita', '71432', 6.900423, 80.351075),
(983, 12, 'Molagoda', '71016', 7.25, 80.3833),
(984, 12, 'Morontota', '71220', 7.1667, 80.3667),
(985, 12, 'Narangala', '90064', 7.07922, 80.360764),
(986, 12, 'Narangoda', '60152', 7.198165, 80.294552),
(987, 12, 'Nattarampotha', '20194', 7.1167, 80.35),
(988, 12, 'Nelundeniya', '71060', 7.2319, 80.2669),
(989, 12, 'Niyadurupola', '71602', 7.1667, 80.2167),
(990, 12, 'Noori', '71407', 6.9508, 80.3174),
(991, 12, 'Pannila', '12114', 6.866357, 80.320996),
(992, 12, 'Pattampitiya', '71130', 7.315516, 80.434412),
(993, 12, 'Pilawala', '20196', 7.1167, 80.35),
(994, 12, 'Pothukoladeniya', '71039', 7.1833, 80.3583),
(995, 12, 'Puswelitenna', '60072', 7.3667, 80.3667),
(996, 12, 'Rambukkana', '71100', 7.323016, 80.391856),
(997, 12, 'Rilpola', '90026', 7.2333, 80.4667),
(998, 12, 'Rukmale', '11129', 7.2, 80.4833),
(999, 12, 'Ruwanwella', '71300', 7.048852, 80.2561),
(1000, 12, 'Samanalawewa', '70142', 7.2667, 80.2167),
(1001, 12, 'Seaforth Colony', '71708', 7.0469, 80.3502),
(1002, 5, 'Colombo 2', '200', 6.926944, 79.848611),
(1003, 12, 'Spring Valley', '90028', 7.2333, 80.4667),
(1004, 12, 'Talgaspitiya', '71541', 7.1667, 80.4833);
INSERT INTO `tbl_list_cities` (`id`, `district_id`, `name_en`, `postcode`, `latitude`, `longitude`) VALUES
(1005, 12, 'Teligama', '71724', 7.0033, 80.3647),
(1006, 12, 'Tholangamuwa', '71619', 7.233983, 80.225956),
(1007, 12, 'Thotawella', '71106', 7.3555, 80.3969),
(1008, 12, 'Udaha Hawupe', '70154', 7.05, 80.2833),
(1009, 12, 'Udapotha', '71236', 7.09414, 80.377416),
(1010, 12, 'Uduwa', '20052', 7.110957, 80.387557),
(1011, 12, 'Undugoda', '71200', 7.141866, 80.365332),
(1012, 12, 'Ussapitiya', '71510', 7.216957, 80.444573),
(1013, 12, 'Wahakula', '71303', 7.058236, 80.207402),
(1014, 12, 'Waharaka', '71304', 7.088513, 80.198619),
(1015, 12, 'Wanaluwewa', '11068', 7.0667, 80.175),
(1016, 12, 'Warakapola', '71600', 7.230053, 80.196768),
(1017, 12, 'Watura', '71035', 7.1833, 80.3833),
(1018, 12, 'Weeoya', '71702', 7.0469, 80.3502),
(1019, 12, 'Wegalla', '71234', 7.099631, 80.30654),
(1020, 12, 'Weligalla', '20610', 7.1833, 80.2),
(1021, 12, 'Welihelatenna', '71712', 7.0333, 80.3333),
(1022, 12, 'Wewelwatta', '70066', 6.85, 80.35),
(1023, 12, 'Yatagama', '71116', 7.32512, 80.356415),
(1024, 12, 'Yatapana', '71326', 7.1333, 80.3),
(1025, 12, 'Yatiyantota', '71700', 7.0242, 80.3006),
(1026, 12, 'Yattogoda', '71029', 7.2333, 80.2667),
(1027, 13, 'Kandavalai', '', 9.4515585, 80.5008173),
(1028, 13, 'Karachchi', '', 9.3769363, 80.3766044),
(1029, 13, 'Kilinochchi', '', 9.416667, 80.416667),
(1030, 13, 'Pachchilaipalli', '', 9.6115808, 80.3273106),
(1031, 13, 'Poonakary', '', 9.5035013, 80.2111173),
(1032, 14, 'Akurana', '20850', 7.637034, 80.023362),
(1033, 14, 'Alahengama', '60416', 7.6779, 80.1151),
(1034, 14, 'Alahitiyawa', '60182', 7.473913, 80.171211),
(1035, 14, 'Ambakote', '60036', 7.492063, 80.452844),
(1036, 14, 'Ambanpola', '60650', 7.915973, 80.237512),
(1037, 14, 'Andiyagala', '50112', 7.4667, 80.1333),
(1038, 14, 'Anukkane', '60214', 7.501814, 80.120028),
(1039, 14, 'Aragoda', '60308', 7.366116, 80.344207),
(1040, 14, 'Ataragalla', '60706', 7.9696, 80.2768),
(1041, 14, 'Awulegama', '60462', 7.6569, 80.2203),
(1042, 14, 'Balalla', '60604', 7.791025, 80.250762),
(1043, 14, 'Bamunukotuwa', '60347', 7.8667, 80.2167),
(1044, 14, 'Bandara Koswatta', '60424', 7.603296, 80.17257),
(1045, 14, 'Bingiriya', '60450', 7.605177, 79.921996),
(1046, 14, 'Bogamulla', '60107', 7.4589, 80.2107),
(1047, 14, 'Boraluwewa', '60437', 7.682578, 80.034757),
(1048, 14, 'Boyagane', '60027', 7.452272, 80.341672),
(1049, 14, 'Bujjomuwa', '60291', 7.4581, 80.0603),
(1050, 14, 'Buluwala', '60076', 7.484201, 80.473535),
(1051, 14, 'Dadayamtalawa', '32046', 7.65, 79.9667),
(1052, 14, 'Dambadeniya', '60130', 7.370527, 80.146193),
(1053, 14, 'Daraluwa', '60174', 7.359407, 79.978233),
(1054, 14, 'Deegalla', '60228', 7.510205, 80.029797),
(1055, 14, 'Demataluwa', '60024', 7.513976, 80.258741),
(1056, 14, 'Demuwatha', '70332', 7.35, 80.1667),
(1057, 14, 'Diddeniya', '60544', 7.685279, 80.47286),
(1058, 14, 'Digannewa', '60485', 7.897218, 80.101328),
(1059, 14, 'Divullegoda', '60472', 7.75, 80.2),
(1060, 14, 'Diyasenpura', '51504', 7.8167, 80.1833),
(1061, 14, 'Dodangaslanda', '60530', 7.5667, 80.5333),
(1062, 14, 'Doluwa', '20532', 7.621516, 80.418833),
(1063, 14, 'Doragamuwa', '20816', 7.5833, 79.9333),
(1064, 14, 'Doratiyawa', '60013', 7.450628, 80.380562),
(1065, 14, 'Dunumadalawa', '50214', 7.8, 80.0833),
(1066, 14, 'Dunuwilapitiya', '21538', 7.3667, 80.2),
(1067, 14, 'Ehetuwewa', '60716', 7.927568, 80.332035),
(1068, 14, 'Elibichchiya', '60156', 7.313179, 80.056935),
(1069, 14, 'Embogama', '60718', 7.9214, 80.3608),
(1070, 14, 'Etungahakotuwa', '60266', 7.5167, 79.9667),
(1071, 14, 'Galadivulwewa', '50210', 7.8, 80.0833),
(1072, 14, 'Galgamuwa', '60700', 7.995468, 80.267527),
(1073, 14, 'Gallellagama', '20095', 7.3, 80.15),
(1074, 14, 'Gallewa', '60712', 7.9667, 80.3333),
(1075, 14, 'Ganegoda', '80440', 7.5833, 80),
(1076, 14, 'Girathalana', '60752', 7.9833, 80.3833),
(1077, 14, 'Gokaralla', '60522', 7.6301, 80.3775),
(1078, 14, 'Gonawila', '60170', 7.3167, 80),
(1079, 14, 'Halmillawewa', '60441', 7.5953, 79.9972),
(1080, 14, 'Handungamuwa', '21536', 7.3667, 80.2),
(1081, 14, 'Harankahawa', '20092', 7.3, 80.15),
(1082, 14, 'Helamada', '71046', 7.3167, 80.2833),
(1083, 14, 'Hengamuwa', '60414', 7.703282, 80.111254),
(1084, 14, 'Hettipola', '60430', 7.605372, 80.083137),
(1085, 14, 'Hewainna', '10714', 7.3333, 80.2167),
(1086, 14, 'Hilogama', '60486', 7.75, 80.0833),
(1087, 14, 'Hindagolla', '60034', 7.4833, 80.4167),
(1088, 14, 'Hiriyala Lenawa', '60546', 7.6709, 80.4751),
(1089, 14, 'Hiruwalpola', '60458', 7.553915, 79.924699),
(1090, 14, 'Horambawa', '60181', 7.45, 80.1833),
(1091, 14, 'Hulogedara', '60474', 7.7833, 80.1833),
(1092, 14, 'Hulugalla', '60477', 7.79059, 80.140007),
(1093, 14, 'Ihala Gomugomuwa', '60211', 7.5167, 80.0833),
(1094, 14, 'Ihala Katugampala', '60135', 7.3672, 80.1467),
(1095, 14, 'Indulgodakanda', '60016', 7.422625, 80.402808),
(1096, 14, 'Ithanawatta', '60025', 7.4458, 80.3458),
(1097, 14, 'Kadigawa', '60492', 7.7167, 80),
(1098, 14, 'Kalankuttiya', '50174', 8.05, 80.3833),
(1099, 14, 'Kalatuwawa', '10718', 7.6333, 80.3667),
(1100, 14, 'Kalugamuwa', '60096', 7.449717, 80.256696),
(1101, 14, 'Kanadeniyawala', '60054', 7.43824, 80.535658),
(1102, 14, 'Kanattewewa', '60422', 7.6167, 80.2),
(1103, 14, 'Kandegedara', '90070', 7.424611, 80.071498),
(1104, 14, 'Karagahagedara', '60106', 7.475787, 80.209967),
(1105, 14, 'Karambe', '60602', 7.805937, 80.339167),
(1106, 14, 'Katiyawa', '50261', 7.624637, 80.553944),
(1107, 14, 'Katupota', '60350', 7.5331, 80.1897),
(1108, 14, 'Kawudulla', '51414', 7.75, 80.3833),
(1109, 14, 'Kawuduluwewa Stagell', '51514', 7.8167, 80.1833),
(1110, 14, 'Kekunagolla', '60183', 7.49608, 80.170446),
(1111, 14, 'Keppitiwalana', '60288', 7.323203, 80.190441),
(1112, 14, 'Kimbulwanaoya', '60548', 7.6709, 80.4751),
(1113, 14, 'Kirimetiyawa', '60184', 7.5247, 80.1408),
(1114, 14, 'Kirindawa', '60212', 7.502078, 80.096123),
(1115, 14, 'Kirindigalla', '60502', 7.554314, 80.475005),
(1116, 14, 'Kithalawa', '60188', 7.4816, 80.1615),
(1117, 14, 'Kitulwala', '11242', 7.5, 80.5333),
(1118, 14, 'Kobeigane', '60410', 7.656731, 80.120999),
(1119, 14, 'Kohilagedara', '60028', 7.4167, 80.3667),
(1120, 14, 'Konwewa', '60630', 7.8, 80.0667),
(1121, 14, 'Kosdeniya', '60356', 7.574081, 80.138826),
(1122, 14, 'Kosgolla', '60029', 7.4, 80.3833),
(1123, 14, 'Kotagala', '22080', 7.45, 80.2333),
(1124, 5, 'Colombo 13', '01300', 6.942778, 79.858611),
(1125, 14, 'Kotawehera', '60483', 7.7911, 80.1023),
(1126, 14, 'Kudagalgamuwa', '60003', 7.558498, 80.340333),
(1127, 14, 'Kudakatnoruwa', '60754', 7.9833, 80.3833),
(1128, 14, 'Kuliyapitiya', '60200', 7.469551, 80.04873),
(1129, 14, 'Kumaragama', '51412', 7.75, 80.3833),
(1130, 14, 'Kumbukgeta', '60508', 7.675, 80.3667),
(1131, 14, 'Kumbukwewa', '60506', 7.797468, 80.217857),
(1132, 14, 'Kuratihena', '60438', 7.6, 80.1333),
(1133, 14, 'Kurunegala', '60000', 7.4867, 80.3647),
(1134, 14, 'lbbagamuwa', '60500', 7.675, 80.3667),
(1135, 14, 'lhala Kadigamuwa', '60238', 7.5436, 79.9819),
(1136, 14, 'Lihiriyagama', '61138', 7.3447, 79.9425),
(1137, 14, 'lllagolla', '20724', 7.4333, 80.1333),
(1138, 14, 'llukhena', '60232', 7.5436, 79.9819),
(1139, 14, 'Lonahettiya', '60108', 7.4589, 80.2107),
(1140, 14, 'Madahapola', '60552', 7.711952, 80.499003),
(1141, 14, 'Madakumburumulla', '60209', 7.44599, 79.994062),
(1142, 14, 'Madalagama', '70158', 7.353398, 80.314033),
(1143, 14, 'Madawala Ulpotha', '21074', 7.703, 80.5051),
(1144, 14, 'Maduragoda', '60532', 7.5667, 80.5333),
(1145, 14, 'Maeliya', '60512', 7.734847, 80.4079),
(1146, 14, 'Magulagama', '60221', 7.542895, 80.090321),
(1147, 14, 'Maha Ambagaswewa', '51518', 7.8167, 80.1833),
(1148, 14, 'Mahagalkadawala', '60731', 8.062861, 80.28052),
(1149, 14, 'Mahagirilla', '60479', 7.8333, 80.1333),
(1150, 14, 'Mahamukalanyaya', '60516', 7.7417, 80.4318),
(1151, 14, 'Mahananneriya', '60724', 8.013545, 80.183367),
(1152, 14, 'Mahapallegama', '71063', 7.366, 80.0918),
(1153, 14, 'Maharachchimulla', '60286', 7.335989, 80.212673),
(1154, 14, 'Mahatalakolawewa', '51506', 7.8167, 80.1833),
(1155, 14, 'Mahawewa', '61220', 7.5167, 79.9167),
(1156, 14, 'Maho', '60600', 7.8228, 80.2778),
(1157, 14, 'Makulewa', '60714', 7.998315, 80.345072),
(1158, 14, 'Makulpotha', '60514', 7.751748, 80.43986),
(1159, 14, 'Makulwewa', '60578', 7.6333, 80.05),
(1160, 14, 'Malagane', '60404', 7.65, 80.2667),
(1161, 14, 'Mandapola', '60434', 7.63521, 80.108641),
(1162, 14, 'Maspotha', '60344', 7.8667, 80.2167),
(1163, 14, 'Mawathagama', '60060', 7.409691, 80.315775),
(1164, 14, 'Medirigiriya', '51500', 7.8167, 80.1833),
(1165, 14, 'Medivawa', '60612', 7.7678, 80.2858),
(1166, 14, 'Meegalawa', '60750', 7.9833, 80.3833),
(1167, 14, 'Meegaswewa', '51508', 7.8167, 80.1833),
(1168, 14, 'Meewellawa', '60484', 7.85, 80.15),
(1169, 14, 'Melsiripura', '60540', 7.65, 80.5),
(1170, 14, 'Metikumbura', '60304', 7.3615, 80.3177),
(1171, 14, 'Metiyagane', '60121', 7.390854, 80.180612),
(1172, 14, 'Minhettiya', '60004', 7.581261, 80.307757),
(1173, 14, 'Minuwangete', '60406', 7.7167, 80.25),
(1174, 14, 'Mirihanagama', '60408', 7.6542, 80.2583),
(1175, 14, 'Monnekulama', '60495', 7.824042, 80.060587),
(1176, 14, 'Moragane', '60354', 7.547791, 80.130329),
(1177, 14, 'Moragollagama', '60640', 7.6333, 80.2167),
(1178, 14, 'Morathiha', '60038', 7.510701, 80.488428),
(1179, 14, 'Munamaldeniya', '60218', 7.55, 80.0667),
(1180, 14, 'Muruthenge', '60122', 7.3942, 80.1861),
(1181, 14, 'Mutugala', '51064', 7.3667, 80.1667),
(1182, 14, 'Nabadewa', '60482', 7.6833, 80.0667),
(1183, 14, 'Nagollagama', '60590', 7.752013, 80.309254),
(1184, 14, 'Nagollagoda', '60226', 7.563335, 80.037807),
(1185, 14, 'Nakkawatta', '60186', 7.448259, 80.141879),
(1186, 14, 'Narammala', '60100', 7.431387, 80.206159),
(1187, 14, 'Nawasenapura', '51066', 7.3667, 80.1667),
(1188, 14, 'Nawatalwatta', '60292', 7.4581, 80.0603),
(1189, 14, 'Nelliya', '60549', 7.690523, 80.457947),
(1190, 14, 'Nikaweratiya', '60470', 7.747585, 80.115201),
(1191, 14, 'Nugagolla', '21534', 7.3667, 80.2),
(1192, 14, 'Nugawela', '20072', 7.329999, 80.220383),
(1193, 14, 'Padeniya', '60461', 7.648348, 80.222132),
(1194, 14, 'Padiwela', '60236', 7.545547, 79.9905),
(1195, 14, 'Pahalagiribawa', '60735', 8.0833, 80.2111),
(1196, 14, 'Pahamune', '60112', 7.4833, 80.2),
(1197, 14, 'Palagala', '50111', 7.4667, 80.1333),
(1198, 14, 'Palapathwela', '21070', 7.9, 80.2),
(1199, 14, 'Palaviya', '61280', 7.5785, 79.9098),
(1200, 14, 'Pallewela', '11150', 7.4667, 79.9833),
(1201, 14, 'Palukadawala', '60704', 7.947895, 80.279058),
(1202, 14, 'Panadaragama', '60348', 7.8667, 80.2167),
(1203, 14, 'Panagamuwa', '60052', 7.55, 80.4667),
(1204, 14, 'Panaliya', '60312', 7.328059, 80.331852),
(1205, 14, 'Panapitiya', '70152', 7.4167, 80.1833),
(1206, 14, 'Panliyadda', '60558', 7.7061, 80.4964),
(1207, 14, 'Pansiyagama', '60554', 7.7061, 80.4964),
(1208, 14, 'Parape', '71105', 7.3667, 80.4167),
(1209, 14, 'Pathanewatta', '90071', 7.4167, 80.0833),
(1210, 14, 'Pattiya Watta', '20118', 7.3833, 80.3167),
(1211, 14, 'Perakanatta', '21532', 7.3667, 80.2),
(1212, 14, 'Periyakadneluwa', '60518', 7.7417, 80.4318),
(1213, 14, 'Pihimbiya Ratmale', '60439', 7.6299, 80.0953),
(1214, 14, 'Pihimbuwa', '60053', 7.460742, 80.512294),
(1215, 14, 'Pilessa', '60058', 7.45, 80.4167),
(1216, 14, 'Polgahawela', '60300', 7.332765, 80.295285),
(1217, 14, 'Polgolla', '20250', 7.4167, 80.5333),
(1218, 14, 'Polpitigama', '60620', 7.8142, 80.4042),
(1219, 14, 'Pothuhera', '60330', 7.4181, 80.3317),
(1220, 14, 'Pothupitiya', '70338', 7.35542, 80.17166),
(1221, 14, 'Pujapitiya', '20112', 7.3833, 80.3167),
(1222, 14, 'Rakwana', '70300', 7.9, 80.4),
(1223, 14, 'Ranorawa', '50212', 7.8, 80.0833),
(1224, 14, 'Rathukohodigala', '20818', 7.5833, 79.9333),
(1225, 14, 'Ridibendiella', '60606', 7.802, 80.287),
(1226, 14, 'Ridigama', '60040', 7.55, 80.4833),
(1227, 14, 'Saliya Asokapura', '60736', 8.0833, 80.2111),
(1228, 14, 'Sandalankawa', '60176', 7.304619, 79.944358),
(1229, 14, 'Sevanapitiya', '51062', 7.3667, 80.1667),
(1230, 14, 'Sirambiadiya', '61312', 8.1, 80.2667),
(1231, 14, 'Sirisetagama', '60478', 7.7772, 80.1506),
(1232, 14, 'Siyambalangamuwa', '60646', 7.529179, 80.340311),
(1233, 14, 'Siyambalawewa', '32048', 7.65, 79.9667),
(1234, 14, 'Solepura', '60737', 8.153657, 80.153384),
(1235, 14, 'Solewewa', '60738', 8.145855, 80.132596),
(1236, 14, 'Sunandapura', '60436', 7.6299, 80.0953),
(1237, 14, 'Talawattegedara', '60306', 7.3833, 80.3),
(1238, 14, 'Tambutta', '60734', 8.0833, 80.2167),
(1239, 14, 'Tennepanguwa', '90072', 7.4167, 80.0833),
(1240, 14, 'Thalahitimulla', '60208', 7.432473, 80.001954),
(1241, 14, 'Thalakolawewa', '60624', 7.796943, 80.433851),
(1242, 14, 'Thalwita', '60572', 7.5943, 80.2108),
(1243, 14, 'Tharana Udawela', '60227', 7.5333, 80.0667),
(1244, 14, 'Thimbiriyawa', '60476', 7.750904, 80.140975),
(1245, 14, 'Tisogama', '60453', 7.6065, 79.9406),
(1246, 14, 'Torayaya', '60499', 7.5167, 80.4),
(1247, 14, 'Tulhiriya', '71610', 7.2833, 80.2167),
(1248, 14, 'Tuntota', '71062', 7.5, 79.9167),
(1249, 14, 'Tuttiripitigama', '60426', 7.6, 80.1333),
(1250, 14, 'Udagaldeniya', '71113', 7.3583, 80.35),
(1251, 14, 'Udahingulwala', '20094', 7.3, 80.15),
(1252, 14, 'Udawatta', '20722', 7.4333, 80.1333),
(1253, 14, 'Udubaddawa', '60250', 7.4828, 79.9753),
(1254, 14, 'Udumulla', '71521', 7.45, 80.4),
(1255, 14, 'Uhumiya', '60094', 7.4667, 80.2833),
(1256, 14, 'Ulpotha Pallekele', '60622', 7.8071, 80.4188),
(1257, 14, 'Ulpothagama', '20965', 7.7167, 80.3167),
(1258, 14, 'Usgala Siyabmalangamuwa', '60732', 8.0833, 80.2111),
(1259, 14, 'Vijithapura', '50110', 7.4667, 80.1333),
(1260, 14, 'Wadakada', '60318', 7.39697, 80.267596),
(1261, 14, 'Wadumunnegedara', '60204', 7.4167, 79.9667),
(1262, 14, 'Walakumburumulla', '60198', 7.4167, 80.0167),
(1263, 14, 'Wannigama', '60465', 7.6569, 80.2203),
(1264, 14, 'Wannikudawewa', '60721', 7.9977, 80.2964),
(1265, 14, 'Wannilhalagama', '60722', 7.9977, 80.2964),
(1266, 14, 'Wannirasnayakapura', '60490', 7.6889, 80.1556),
(1267, 14, 'Warawewa', '60739', 8.121572, 80.14855),
(1268, 14, 'Wariyapola', '60400', 7.628694, 80.235989),
(1269, 14, 'Watareka', '10511', 7.397142, 80.432878),
(1270, 14, 'Wattegama', '20810', 7.5833, 79.9333),
(1271, 14, 'Watuwatta', '60262', 7.5167, 79.9167),
(1272, 14, 'Weerapokuna', '60454', 7.649426, 79.981893),
(1273, 14, 'Welawa Juncton', '60464', 7.6569, 80.2203),
(1274, 14, 'Welipennagahamulla', '60240', 7.4581, 80.0603),
(1275, 14, 'Wellagala', '60402', 7.6167, 80.2833),
(1276, 14, 'Wellarawa', '60456', 7.5729, 79.913974),
(1277, 14, 'Wellawa', '60570', 7.566524, 80.369189),
(1278, 14, 'Welpalla', '60206', 7.4333, 80.05),
(1279, 14, 'Wennoruwa', '60284', 7.369467, 80.219573),
(1280, 14, 'Weuda', '60080', 7.4, 80.1667),
(1281, 14, 'Wewagama', '60195', 7.42031, 80.099835),
(1282, 14, 'Wilgamuwa', '21530', 7.3667, 80.2),
(1283, 14, 'Yakwila', '60202', 7.3833, 80.0333),
(1284, 14, 'Yatigaloluwa', '60314', 7.328729, 80.264509),
(1285, 15, 'Mannar', '41000', 8.9833, 79.9),
(1286, 15, 'Puthukudiyiruppu', '30158', 9.046951, 79.853286),
(1287, 16, 'Akuramboda', '21142', 7.646383, 80.600048),
(1288, 16, 'Alawatuwala', '60047', 7.55, 80.5583),
(1289, 16, 'Alwatta', '21004', 7.449444, 80.663358),
(1290, 16, 'Ambana', '21504', 7.651007, 80.693816),
(1291, 16, 'Aralaganwila', '51100', 7.696, 80.5842),
(1292, 16, 'Ataragallewa', '21512', 7.5333, 80.6067),
(1293, 16, 'Bambaragaswewa', '21212', 7.784315, 80.540511),
(1294, 16, 'Barawardhana Oya', '20967', 7.5667, 80.625),
(1295, 16, 'Beligamuwa', '21214', 7.725882, 80.552789),
(1296, 16, 'Damana', '32014', 7.8417, 80.5797),
(1297, 16, 'Dambulla', '21100', 7.868039, 80.646464),
(1298, 16, 'Damminna', '51106', 7.696, 80.5842),
(1299, 16, 'Dankanda', '21032', 7.519616, 80.694168),
(1300, 16, 'Delwite', '60044', 7.55, 80.5583),
(1301, 16, 'Devagiriya', '21552', 7.5833, 80.9667),
(1302, 16, 'Dewahuwa', '21206', 7.7589, 80.5683),
(1303, 16, 'Divuldamana', '51104', 7.696, 80.5842),
(1304, 16, 'Dullewa', '21054', 7.511012, 80.59862),
(1305, 16, 'Dunkolawatta', '21046', 7.4917, 80.625),
(1306, 16, 'Elkaduwa', '21012', 7.410706, 80.693258),
(1307, 16, 'Erawula Junction', '21108', 7.8633, 80.6842),
(1308, 16, 'Etanawala', '21402', 7.5217, 80.6847),
(1309, 16, 'Galewela', '21200', 7.759807, 80.56744),
(1310, 16, 'Galoya Junction', '51375', 7.696, 80.5842),
(1311, 16, 'Gammaduwa', '21068', 7.581654, 80.698521),
(1312, 16, 'Gangala Puwakpitiya', '21404', 7.5217, 80.6847),
(1313, 16, 'Hasalaka', '20960', 7.5667, 80.625),
(1314, 16, 'Hattota Amuna', '21514', 7.5333, 80.6067),
(1315, 16, 'Imbulgolla', '21064', 7.575027, 80.663159),
(1316, 16, 'Inamaluwa', '21124', 7.951344, 80.690187),
(1317, 16, 'Iriyagolla', '60045', 7.55, 80.6333),
(1318, 16, 'Kaikawala', '21066', 7.507177, 80.659444),
(1319, 16, 'Kalundawa', '21112', 7.8, 80.7167),
(1320, 16, 'Kandalama', '21106', 7.887403, 80.703507),
(1321, 16, 'Kavudupelella', '21072', 7.5914, 80.6258),
(1322, 16, 'Kibissa', '21122', 7.9397, 80.7278),
(1323, 16, 'Kiwula', '21042', 7.4917, 80.625),
(1324, 16, 'Kongahawela', '21500', 7.679932, 80.706607),
(1325, 16, 'Laggala Pallegama', '21520', 7.5333, 80.6067),
(1326, 16, 'Leliambe', '21008', 7.4346, 80.6519),
(1327, 16, 'Lenadora', '21094', 7.753507, 80.660161),
(1328, 16, 'lhala Halmillewa', '50262', 7.8667, 80.6417),
(1329, 16, 'lllukkumbura', '21406', 7.5217, 80.6847),
(1330, 16, 'Madipola', '21156', 7.6833, 80.5833),
(1331, 16, 'Maduruoya', '51108', 7.696, 80.5842),
(1332, 16, 'Mahawela', '21140', 7.581804, 80.607485),
(1333, 16, 'Mananwatta', '21144', 7.685106, 80.601107),
(1334, 16, 'Maraka', '21554', 7.586801, 80.962009),
(1335, 16, 'Matale', '21000', 7.4717, 80.6244),
(1336, 16, 'Melipitiya', '21055', 7.5458, 80.5833),
(1337, 16, 'Metihakka', '21062', 7.536495, 80.654081),
(1338, 16, 'Millawana', '21154', 7.6503, 80.5772),
(1339, 16, 'Muwandeniya', '21044', 7.461452, 80.660098),
(1340, 16, 'Nalanda', '21082', 7.662487, 80.635004),
(1341, 16, 'Naula', '21090', 7.708132, 80.652321),
(1342, 16, 'Opalgala', '21076', 7.619927, 80.698338),
(1343, 16, 'Pallepola', '21152', 7.620686, 80.600466),
(1344, 16, 'Pimburattewa', '51102', 7.696, 80.5842),
(1345, 16, 'Pulastigama', '51050', 7.67, 80.565),
(1346, 16, 'Ranamuregama', '21524', 7.5333, 80.6067),
(1347, 16, 'Rattota', '21400', 7.5217, 80.6847),
(1348, 16, 'Selagama', '21058', 7.594457, 80.58381),
(1349, 16, 'Sigiriya', '21120', 7.954968, 80.755205),
(1350, 16, 'Sinhagama', '51378', 7.696, 80.5842),
(1351, 16, 'Sungavila', '51052', 7.67, 80.565),
(1352, 16, 'Talagoda Junction', '21506', 7.5722, 80.6222),
(1353, 16, 'Talakiriyagama', '21116', 7.8206, 80.6172),
(1354, 16, 'Tamankaduwa', '51089', 7.67, 80.565),
(1355, 16, 'Udasgiriya', '21051', 7.535254, 80.570342),
(1356, 16, 'Udatenna', '21006', 7.4167, 80.65),
(1357, 16, 'Ukuwela', '21300', 7.423917, 80.62996),
(1358, 16, 'Wahacotte', '21160', 7.7142, 80.5972),
(1359, 16, 'Walawela', '21048', 7.520365, 80.597403),
(1360, 16, 'Wehigala', '21009', 7.409019, 80.669112),
(1361, 16, 'Welangahawatte', '21408', 7.5217, 80.6847),
(1362, 16, 'Wewalawewa', '21114', 7.8103, 80.6669),
(1363, 16, 'Yatawatta', '21056', 7.562698, 80.578361),
(1364, 17, 'Akuressa', '81400', 6.0964, 80.4808),
(1365, 17, 'Alapaladeniya', '81475', 6.2833, 80.45),
(1366, 17, 'Aparekka', '81032', 6.008083, 80.621556),
(1367, 17, 'Athuraliya', '81402', 6.069724, 80.497879),
(1368, 17, 'Bengamuwa', '81614', 6.253417, 80.59808),
(1369, 17, 'Bopagoda', '81412', 6.1561, 80.4903),
(1370, 17, 'Dampahala', '81612', 6.259631, 80.633081),
(1371, 17, 'Deegala Lenama', '81452', 6.2333, 80.45),
(1372, 17, 'Deiyandara', '81320', 6.152388, 80.604696),
(1373, 17, 'Denagama', '81314', 6.11481, 80.642749),
(1374, 17, 'Denipitiya', '81730', 5.9667, 80.45),
(1375, 17, 'Deniyaya', '81500', 6.339732, 80.548055),
(1376, 17, 'Derangala', '81454', 6.229572, 80.445492),
(1377, 17, 'Devinuwara (Dondra)', '81160', 5.9319, 80.6069),
(1378, 17, 'Dikwella', '81200', 5.9667, 80.6833),
(1379, 17, 'Diyagaha', '81038', 5.9833, 80.5667),
(1380, 17, 'Diyalape', '81422', 6.121802, 80.447911),
(1381, 17, 'Gandara', '81170', 5.933629, 80.61575),
(1382, 17, 'Godapitiya', '81408', 6.121801, 80.480996),
(1383, 17, 'Gomilamawarala', '81072', 6.1833, 80.5667),
(1384, 17, 'Hawpe', '80132', 6.129973, 80.489743),
(1385, 17, 'Horapawita', '81108', 6.1167, 80.5833),
(1386, 17, 'Kalubowitiyana', '81478', 6.3167, 80.4),
(1387, 17, 'Kamburugamuwa', '81750', 5.940612, 80.496449),
(1388, 17, 'Kamburupitiya', '81100', 6.069847, 80.56473),
(1389, 17, 'Karagoda Uyangoda', '81082', 6.0715, 80.5193),
(1390, 17, 'Karaputugala', '81106', 6.07377, 80.603484),
(1391, 17, 'Karatota', '81318', 6.0667, 80.6667),
(1392, 17, 'Kekanadurra', '81020', 6.0715, 80.5193),
(1393, 17, 'Kiriweldola', '81514', 6.372272, 80.533507),
(1394, 17, 'Kiriwelkele', '81456', 6.249957, 80.451047),
(1395, 17, 'Kolawenigama', '81522', 6.321671, 80.500227),
(1396, 17, 'Kotapola', '81480', 6.292393, 80.533957),
(1397, 17, 'Lankagama', '81526', 6.35, 80.4667),
(1398, 17, 'Makandura', '81070', 6.137036, 80.571982),
(1399, 17, 'Maliduwa', '81424', 6.1333, 80.4167),
(1400, 17, 'Maramba', '81416', 6.1614, 80.5035),
(1401, 17, 'Matara', '81000', 5.9486, 80.5428),
(1402, 17, 'Mediripitiya', '81524', 6.35, 80.4667),
(1403, 17, 'Miella', '81312', 6.1167, 80.6833),
(1404, 17, 'Mirissa', '81740', 5.94679, 80.452288),
(1405, 17, 'Morawaka', '81470', 6.25, 80.4833),
(1406, 17, 'Mulatiyana Junction', '81071', 6.1833, 80.5667),
(1407, 17, 'Nadugala', '81092', 5.975464, 80.548935),
(1408, 17, 'Naimana', '81017', 6.0715, 80.5193),
(1409, 17, 'Palatuwa', '81050', 5.984516, 80.518656),
(1410, 17, 'Parapamulla', '81322', 6.150219, 80.61675),
(1411, 17, 'Pasgoda', '81615', 6.242998, 80.616175),
(1412, 17, 'Penetiyana', '81722', 6.034813, 80.450626),
(1413, 17, 'Pitabeddara', '81450', 6.2167, 80.45),
(1414, 17, 'Puhulwella', '81290', 6.045752, 80.619203),
(1415, 17, 'Radawela', '81316', 6.124672, 80.60726),
(1416, 17, 'Ransegoda', '81064', 6.0715, 80.5193),
(1417, 17, 'Rotumba', '81074', 6.229142, 80.571151),
(1418, 17, 'Sultanagoda', '81051', 5.9667, 80.5),
(1419, 17, 'Telijjawila', '81060', 6.0715, 80.5193),
(1420, 17, 'Thihagoda', '81280', 6.011602, 80.561851),
(1421, 17, 'Urubokka', '81600', 6.302863, 80.631175),
(1422, 17, 'Urugamuwa', '81230', 6.0116, 80.6437),
(1423, 17, 'Urumutta', '81414', 6.150181, 80.519582),
(1424, 17, 'Viharahena', '81508', 6.379073, 80.598006),
(1425, 17, 'Walakanda', '81294', 6.01655, 80.649889),
(1426, 17, 'Walasgala', '81220', 5.981913, 80.693678),
(1427, 17, 'Waralla', '81479', 6.277439, 80.522519),
(1428, 17, 'Weligama', '81700', 5.9667, 80.4167),
(1429, 17, 'Wilpita', '81404', 6.1, 80.5167),
(1430, 17, 'Yatiyana', '81034', 6.028888, 80.603158),
(1431, 18, 'Ayiwela', '91516', 7.1, 81.2333),
(1432, 18, 'Badalkumbura', '91070', 6.893287, 81.234346),
(1433, 18, 'Baduluwela', '91058', 7.11307, 81.435299),
(1434, 18, 'Bakinigahawela', '91554', 6.9333, 81.2833),
(1435, 18, 'Balaharuwa', '91295', 6.520177, 81.058519),
(1436, 18, 'Bibile', '91500', 7.1667, 81.2167),
(1437, 18, 'Buddama', '91038', 7.046413, 81.486844),
(1438, 18, 'Buttala', '91100', 6.75, 81.2333),
(1439, 18, 'Dambagalla', '91050', 6.955743, 81.375946),
(1440, 18, 'Diyakobala', '91514', 7.1056, 81.2222),
(1441, 18, 'Dombagahawela', '91010', 6.898197, 81.441375),
(1442, 18, 'Ethimalewewa', '91020', 6.9216, 81.3833),
(1443, 18, 'Ettiliwewa', '91250', 6.73, 81.12),
(1444, 18, 'Galabedda', '91008', 6.9167, 81.3833),
(1445, 18, 'Gamewela', '90512', 6.9167, 81.2),
(1446, 18, 'Hambegamuwa', '91308', 6.503718, 80.874695),
(1447, 18, 'Hingurukaduwa', '90508', 6.817257, 81.153429),
(1448, 18, 'Hulandawa', '91004', 6.868479, 81.333215),
(1449, 18, 'Inginiyagala', '91040', 7.198617, 81.494496),
(1450, 18, 'Kandaudapanguwa', '91032', 6.9667, 81.5167),
(1451, 18, 'Kandawinna', '91552', 6.9333, 81.2833),
(1452, 18, 'Kataragama', '91400', 6.4167, 81.3333),
(1453, 18, 'Kotagama', '91512', 7.116448, 81.17788),
(1454, 18, 'Kotamuduna', '90506', 6.892542, 81.177651),
(1455, 18, 'Kotawehera Mankada', '91312', 6.4636, 81.053),
(1456, 18, 'Kudawewa', '61226', 6.4167, 81.0333),
(1457, 18, 'Kumbukkana', '91098', 6.814795, 81.274913),
(1458, 18, 'Marawa', '91006', 6.805944, 81.381458),
(1459, 18, 'Mariarawa', '91052', 6.975969, 81.481047),
(1460, 18, 'Medagana', '91550', 6.9333, 81.2833),
(1461, 18, 'Medawelagama', '90518', 6.9167, 81.2),
(1462, 18, 'Miyanakandura', '90584', 6.869169, 81.152967),
(1463, 18, 'Monaragala', '91000', 6.8667, 81.35),
(1464, 18, 'Moretuwegama', '91108', 6.75, 81.2333),
(1465, 18, 'Nakkala', '91003', 6.887816, 81.306082),
(1466, 18, 'Namunukula', '90580', 6.8667, 81.1167),
(1467, 18, 'Nannapurawa', '91519', 7.0833, 81.25),
(1468, 18, 'Nelliyadda', '91042', 7.389929, 81.408141),
(1469, 18, 'Nilgala', '91508', 7.215945, 81.312806),
(1470, 18, 'Obbegoda', '91007', 6.8786, 81.3476),
(1471, 18, 'Okkampitiya', '91060', 6.753201, 81.29752),
(1472, 18, 'Pangura', '91002', 6.9833, 81.3167),
(1473, 18, 'Pitakumbura', '91505', 7.191575, 81.27524),
(1474, 18, 'Randeniya', '91204', 6.803474, 81.1119),
(1475, 18, 'Ruwalwela', '91056', 7.017476, 81.386203),
(1476, 18, 'Sella Kataragama', '91405', 6.4167, 81.3333),
(1477, 18, 'Siyambalagune', '91202', 6.8, 81.1333),
(1478, 18, 'Siyambalanduwa', '91030', 6.910581, 81.552112),
(1479, 18, 'Suriara', '91306', 6.4636, 81.053),
(1480, 18, 'Tanamalwila', '91300', 6.4333, 81.1333),
(1481, 18, 'Uva Gangodagama', '91054', 7.0056, 81.4222),
(1482, 18, 'Uva Kudaoya', '91298', 6.75, 81.2),
(1483, 18, 'Uva Pelwatta', '91112', 6.75, 81.2333),
(1484, 18, 'Warunagama', '91198', 6.75, 81.2333),
(1485, 18, 'Wedikumbura', '91005', 6.8333, 81.3833),
(1486, 18, 'Weherayaya Handapanagala', '91206', 6.7778, 81.1167),
(1487, 18, 'Wellawaya', '91200', 6.719458, 81.106295),
(1488, 18, 'Wilaoya', '91022', 6.9216, 81.3833),
(1489, 18, 'Yudaganawa', '51424', 6.776882, 81.229725),
(1490, 19, 'Mullativu', '42000', 9.266667, 80.816667),
(1491, 20, 'Agarapathana', '22094', 6.824224, 80.709671),
(1492, 20, 'Ambatalawa', '20686', 7.05, 80.6667),
(1493, 20, 'Ambewela', '22216', 6.899935, 80.783603),
(1494, 20, 'Bogawantalawa', '22060', 6.8, 80.6833),
(1495, 20, 'Bopattalawa', '22095', 6.9011, 80.6694),
(1496, 20, 'Dagampitiya', '20684', 6.977604, 80.466144),
(1497, 20, 'Dayagama Bazaar', '22096', 6.9011, 80.6694),
(1498, 20, 'Dikoya', '22050', 6.8786, 80.6272),
(1499, 20, 'Doragala', '20567', 7.0731, 80.5892),
(1500, 20, 'Dunukedeniya', '22002', 6.982643, 80.632911),
(1501, 20, 'Egodawela', '90013', 7.024081, 80.662636),
(1502, 20, 'Ekiriya', '20732', 7.148834, 80.757167),
(1503, 20, 'Elamulla', '20742', 7.0833, 80.8),
(1504, 20, 'Ginigathena', '20680', 6.9864, 80.4894),
(1505, 20, 'Gonakele', '22226', 6.9917, 80.8194),
(1506, 20, 'Haggala', '22208', 6.9697, 80.77),
(1507, 20, 'Halgranoya', '22240', 7.0417, 80.8917),
(1508, 20, 'Hangarapitiya', '22044', 6.932637, 80.464959),
(1509, 20, 'Hapugastalawa', '20668', 7.0667, 80.5667),
(1510, 20, 'Harasbedda', '22262', 7.04738, 80.876477),
(1511, 20, 'Hatton', '22000', 6.899356, 80.599855),
(1512, 20, 'Hewaheta', '20440', 7.1108, 80.7547),
(1513, 20, 'Hitigegama', '22046', 6.947521, 80.457154),
(1514, 20, 'Jangulla', '90063', 7.0333, 80.8917),
(1515, 20, 'Kalaganwatta', '22282', 7.104232, 80.902715),
(1516, 20, 'Kandapola', '22220', 6.981495, 80.802798),
(1517, 20, 'Karandagolla', '20738', 7.057024, 80.899844),
(1518, 20, 'Keerthi Bandarapura', '22274', 7.1108, 80.8581),
(1519, 20, 'Kiribathkumbura', '20442', 7.1108, 80.7547),
(1520, 20, 'Kotiyagala', '91024', 6.784171, 80.68557),
(1521, 20, 'Kotmale', '20560', 7.0214, 80.5942),
(1522, 20, 'Kottellena', '22040', 6.893287, 80.50215),
(1523, 20, 'Kumbalgamuwa', '22272', 7.109883, 80.853852),
(1524, 20, 'Kumbukwela', '22246', 7.055729, 80.887479),
(1525, 20, 'Kurupanawela', '22252', 7.01894, 80.920981),
(1526, 20, 'Labukele', '20592', 7.0442, 80.6919),
(1527, 20, 'Laxapana', '22034', 6.8952, 80.5088),
(1528, 20, 'Lindula', '22090', 6.920326, 80.684129),
(1529, 20, 'Madulla', '22256', 7.047667, 80.918204),
(1530, 20, 'Mandaram Nuwara', '20744', 7.0833, 80.8),
(1531, 20, 'Maskeliya', '22070', 6.831379, 80.568585),
(1532, 20, 'Maswela', '20566', 7.072503, 80.6439),
(1533, 20, 'Maturata', '20748', 7.0833, 80.8),
(1534, 20, 'Mipanawa', '22254', 7.0333, 80.9167),
(1535, 20, 'Mipilimana', '22214', 6.8667, 80.8167),
(1536, 20, 'Morahenagama', '22036', 6.942625, 80.478482),
(1537, 20, 'Munwatta', '20752', 7.11534, 80.809403),
(1538, 20, 'Nayapana Janapadaya', '20568', 7.0731, 80.5892),
(1539, 20, 'Nildandahinna', '22280', 7.0833, 80.8833),
(1540, 20, 'Nissanka Uyana', '22075', 6.8358, 80.5703),
(1541, 20, 'Norwood', '22058', 6.835736, 80.602181),
(1542, 20, 'Nuwara Eliya', '22200', 6.9697, 80.77),
(1543, 20, 'Padiyapelella', '20750', 7.092506, 80.798544),
(1544, 20, 'Pallebowala', '20734', 7.1151, 80.8108),
(1545, 20, 'Panvila', '20830', 7.0667, 80.6833),
(1546, 20, 'Pitawala', '20682', 6.998608, 80.452257),
(1547, 20, 'Pundaluoya', '22120', 7.018255, 80.676081),
(1548, 20, 'Ramboda', '20590', 7.060427, 80.69534),
(1549, 20, 'Rikillagaskada', '20730', 7.145849, 80.78095),
(1550, 20, 'Rozella', '22008', 6.9306, 80.5531),
(1551, 20, 'Rupaha', '22245', 7.0333, 80.9),
(1552, 20, 'Ruwaneliya', '22212', 6.93721, 80.772258),
(1553, 20, 'Santhipura', '22202', 6.9697, 80.77),
(1554, 20, 'Talawakele', '22100', 6.9367, 80.6611),
(1555, 20, 'Tawalantenna', '20838', 7.0667, 80.6833),
(1556, 20, 'Teripeha', '22287', 7.1189, 80.9244),
(1557, 20, 'Udamadura', '22285', 7.094106, 80.914817),
(1558, 20, 'Udapussallawa', '22250', 7.0333, 80.9111),
(1559, 20, 'Uva Deegalla', '90062', 7.0333, 80.8917),
(1560, 20, 'Uva Uduwara', '90061', 7.0333, 80.8917),
(1561, 20, 'Uvaparanagama', '90230', 6.8832, 80.7912),
(1562, 20, 'Walapane', '22270', 7.091924, 80.860522),
(1563, 20, 'Watawala', '22010', 6.951339, 80.533199),
(1564, 20, 'Widulipura', '22032', 6.8952, 80.5088),
(1565, 20, 'Wijebahukanda', '22018', 7.0167, 80.6167),
(1566, 21, 'Attanakadawala', '51235', 7.903734, 80.828104),
(1567, 21, 'Bakamuna', '51250', 7.7833, 80.8167),
(1568, 21, 'Diyabeduma', '51225', 7.89851, 80.898332),
(1569, 21, 'Elahera', '51258', 7.7244, 80.7883),
(1570, 21, 'Giritale', '51026', 7.9833, 80.9333),
(1571, 21, 'Hingurakdamana', '51408', 8.055896, 81.011875),
(1572, 21, 'Hingurakgoda', '51400', 8.036505, 80.948686),
(1573, 21, 'Jayanthipura', '51024', 8, 81),
(1574, 21, 'Kalingaela', '51002', 7.9583, 81.0417),
(1575, 21, 'Lakshauyana', '51006', 7.9583, 81.0417),
(1576, 21, 'Mankemi', '30442', 7.9833, 81.25),
(1577, 21, 'Minneriya', '51410', 8.036343, 80.903215),
(1578, 21, 'Onegama', '51004', 7.992203, 81.090758),
(1579, 21, 'Orubendi Siyambalawa', '51256', 7.751972, 80.812093),
(1580, 21, 'Palugasdamana', '51046', 8.0167, 81.0833),
(1581, 21, 'Panichankemi', '30444', 7.9833, 81.25),
(1582, 21, 'Polonnaruwa', '51000', 7.940295, 81.007138),
(1583, 21, 'Talpotha', '51044', 8.0167, 81.0833),
(1584, 21, 'Tambala', '51049', 8.0167, 81.0833),
(1585, 21, 'Unagalavehera', '51008', 8.001006, 80.995549),
(1586, 21, 'Wijayabapura', '51042', 8.0167, 81.0833),
(1587, 22, 'Adippala', '61012', 7.5833, 79.8417),
(1588, 22, 'Alutgama', '12080', 7.7667, 79.9333),
(1589, 22, 'Alutwewa', '51014', 7.8667, 79.95),
(1590, 22, 'Ambakandawila', '61024', 7.5333, 79.8),
(1591, 22, 'Anamaduwa', '61500', 7.881625, 80.00353),
(1592, 22, 'Andigama', '61508', 7.7775, 79.9528),
(1593, 22, 'Angunawila', '61264', 7.7667, 79.85),
(1594, 22, 'Attawilluwa', '61328', 7.4167, 79.8833),
(1595, 22, 'Bangadeniya', '61238', 7.619471, 79.809055),
(1596, 22, 'Baranankattuwa', '61262', 7.803253, 79.872624),
(1597, 22, 'Battuluoya', '61246', 7.734655, 79.817455),
(1598, 22, 'Bujjampola', '61136', 7.3333, 79.9),
(1599, 22, 'Chilaw', '61000', 7.5758, 79.7953),
(1600, 22, 'Dalukana', '51092', 7.3167, 79.85),
(1601, 22, 'Dankotuwa', '61130', 7.300443, 79.88505),
(1602, 22, 'Dewagala', '51094', 7.3167, 79.85),
(1603, 22, 'Dummalasuriya', '60260', 7.4833, 79.9),
(1604, 22, 'Dunkannawa', '61192', 7.4167, 79.9),
(1605, 22, 'Eluwankulama', '61308', 8.332832, 79.859928),
(1606, 22, 'Ettale', '61343', 8.097416, 79.717306),
(1607, 22, 'Galamuna', '51416', 7.464661, 79.872371),
(1608, 22, 'Galmuruwa', '61233', 7.501718, 79.895774),
(1609, 22, 'Hansayapalama', '51098', 7.3167, 79.85),
(1610, 22, 'Ihala Kottaramulla', '61154', 7.383069, 79.871755),
(1611, 22, 'Ilippadeniya', '61018', 7.567036, 79.826233),
(1612, 22, 'Inginimitiya', '61514', 7.964099, 80.112055),
(1613, 22, 'Ismailpuram', '61302', 8.0333, 79.8167),
(1614, 22, 'Jayasiripura', '51246', 7.6333, 79.8167),
(1615, 22, 'Kakkapalliya', '61236', 7.5333, 79.8267),
(1616, 22, 'Kalkudah', '30410', 8.1167, 79.7167),
(1617, 22, 'Kalladiya', '61534', 7.95, 79.9333),
(1618, 22, 'Kandakuliya', '61358', 7.98, 79.9569),
(1619, 22, 'Karathivu', '61307', 8.192511, 79.832662),
(1620, 22, 'Karawitagara', '61022', 7.572417, 79.86173),
(1621, 22, 'Karuwalagaswewa', '61314', 8.037625, 79.94267),
(1622, 22, 'Katuneriya', '61180', 7.3667, 79.8333),
(1623, 22, 'Koswatta', '61158', 7.3667, 79.9),
(1624, 22, 'Kottantivu', '61252', 7.85, 79.7833),
(1625, 22, 'Kottapitiya', '51244', 7.63568, 79.815394),
(1626, 22, 'Kottukachchiya', '61532', 7.938617, 79.954577),
(1627, 22, 'Kumarakattuwa', '61032', 7.661964, 79.886873),
(1628, 22, 'Kurinjanpitiya', '61356', 7.98, 79.9569),
(1629, 22, 'Kuruketiyawa', '61516', 8.0167, 80.05),
(1630, 22, 'Lunuwila', '61150', 7.350819, 79.85725),
(1631, 22, 'Madampe', '61230', 7.5, 79.8333),
(1632, 22, 'Madurankuliya', '61270', 7.896391, 79.836449),
(1633, 22, 'Mahakumbukkadawala', '61272', 7.85, 79.9),
(1634, 22, 'Mahauswewa', '61512', 7.9575, 80.0683),
(1635, 22, 'Mampitiya', '51090', 7.3167, 79.85),
(1636, 22, 'Mampuri', '61341', 7.9964, 79.7411),
(1637, 22, 'Mangalaeliya', '61266', 7.775, 79.85),
(1638, 22, 'Marawila', '61210', 7.4094, 79.8322),
(1639, 22, 'Mudalakkuliya', '61506', 7.799533, 79.977428),
(1640, 22, 'Mugunuwatawana', '61014', 7.58487, 79.854684),
(1641, 22, 'Mukkutoduwawa', '61274', 7.928236, 79.75648),
(1642, 22, 'Mundel', '61250', 7.7958, 79.8283),
(1643, 22, 'Muttibendiwila', '61195', 7.45, 79.8833),
(1644, 22, 'Nainamadama', '61120', 7.3714, 79.8837),
(1645, 22, 'Nalladarankattuwa', '61244', 7.689152, 79.844243),
(1646, 22, 'Nattandiya', '61190', 7.4086, 79.8683),
(1647, 22, 'Nawagattegama', '61520', 8, 80.1167),
(1648, 22, 'Nelumwewa', '51096', 7.3167, 79.85),
(1649, 22, 'Norachcholai', '61342', 7.9964, 79.7411),
(1650, 22, 'Pallama', '61040', 7.681225, 79.918239),
(1651, 22, 'Palliwasalturai', '61354', 7.98, 79.9569),
(1652, 22, 'Panirendawa', '61234', 7.542426, 79.886377),
(1653, 22, 'Parakramasamudraya', '51016', 7.8667, 79.95),
(1654, 22, 'Pothuwatawana', '61162', 7.4833, 79.9),
(1655, 22, 'Puttalam', '61300', 8.043613, 79.841209),
(1656, 22, 'Puttalam Cement Factory', '61326', 7.4167, 79.8833),
(1657, 22, 'Rajakadaluwa', '61242', 7.650515, 79.828283),
(1658, 22, 'Saliyawewa Junction', '61324', 7.4167, 79.8833),
(1659, 22, 'Serukele', '61042', 7.7333, 79.9167),
(1660, 22, 'Siyambalagashene', '61504', 7.8239, 79.978),
(1661, 22, 'Tabbowa', '61322', 7.4167, 79.8833),
(1662, 22, 'Talawila Church', '61344', 7.9964, 79.7411),
(1663, 22, 'Toduwawa', '61224', 7.4861, 79.8022),
(1664, 22, 'Udappuwa', '61004', 7.5758, 79.7953),
(1665, 22, 'Uridyawa', '61502', 7.8239, 79.978),
(1666, 22, 'Vanathawilluwa', '61306', 8.17001, 79.8461),
(1667, 22, 'Waikkal', '61110', 7.2833, 79.85),
(1668, 22, 'Watugahamulla', '61198', 7.4667, 79.9),
(1669, 22, 'Wennappuwa', '61170', 7.35048, 79.850112),
(1670, 22, 'Wijeyakatupotha', '61006', 7.5758, 79.7953),
(1671, 22, 'Wilpotha', '61008', 7.5758, 79.7953),
(1672, 22, 'Yodaela', '51422', 7.5833, 79.8667),
(1673, 22, 'Yogiyana', '61144', 7.286035, 79.924213),
(1674, 23, 'Akarella', '70082', 6.59053, 80.644197),
(1675, 23, 'Amunumulla', '90204', 6.7333, 80.75),
(1676, 23, 'Atakalanpanna', '70294', 6.5333, 80.6),
(1677, 23, 'Ayagama', '70024', 6.63662, 80.317329),
(1678, 23, 'Balangoda', '70100', 6.661743, 80.69371),
(1679, 23, 'Batatota', '70504', 6.8333, 80.3667),
(1680, 23, 'Beralapanathara', '81541', 6.4521, 80.4894),
(1681, 23, 'Bogahakumbura', '90354', 6.6833, 80.7667),
(1682, 23, 'Bolthumbe', '70131', 6.739114, 80.664956),
(1683, 23, 'Bomluwageaina', '70344', 6.4, 80.6333),
(1684, 23, 'Bowalagama', '82458', 6.3917, 80.6833),
(1685, 23, 'Bulutota', '70346', 6.4333, 80.65),
(1686, 23, 'Dambuluwana', '70019', 6.7167, 80.3333),
(1687, 23, 'Daugala', '70455', 6.4901, 80.4248),
(1688, 23, 'Dela', '70042', 6.6258, 80.4486),
(1689, 23, 'Delwala', '70046', 6.513055, 80.473993),
(1690, 23, 'Dodampe', '70017', 6.73603, 80.301105),
(1691, 23, 'Doloswalakanda', '70404', 6.55133, 80.470258),
(1692, 23, 'Dumbara Manana', '70495', 6.680322, 80.247485),
(1693, 23, 'Eheliyagoda', '70600', 6.85, 80.2667),
(1694, 23, 'Ekamutugama', '70254', 6.3406, 80.7804),
(1695, 23, 'Elapatha', '70032', 6.66081, 80.366828),
(1696, 23, 'Ellagawa', '70492', 6.5687, 80.363),
(1697, 23, 'Ellaulla', '70552', 6.8583, 80.3083),
(1698, 23, 'Ellawala', '70606', 6.809945, 80.259547),
(1699, 23, 'Embilipitiya', '70200', 6.3439, 80.8489),
(1700, 23, 'Eratna', '70506', 6.7986, 80.3784),
(1701, 23, 'Erepola', '70602', 6.804277, 80.242773),
(1702, 23, 'Gabbela', '70156', 6.7167, 80.35),
(1703, 23, 'Gangeyaya', '70195', 6.7516, 80.5927),
(1704, 23, 'Gawaragiriya', '70026', 6.6422, 80.2667),
(1705, 23, 'Gillimale', '70002', 6.729, 80.4415),
(1706, 23, 'Godakawela', '70160', 6.505599, 80.647268),
(1707, 23, 'Gurubewilagama', '70136', 6.7, 80.5667),
(1708, 23, 'Halwinna', '70171', 6.6833, 80.7167),
(1709, 23, 'Handagiriya', '70106', 6.562839, 80.780347),
(1710, 23, 'Hatangala', '70105', 6.532527, 80.739407),
(1711, 23, 'Hatarabage', '70108', 6.65, 80.75),
(1712, 23, 'Hewanakumbura', '90358', 6.6833, 80.7667),
(1713, 23, 'Hidellana', '70012', 6.7192, 80.3842),
(1714, 23, 'Hiramadagama', '70296', 6.533544, 80.60045),
(1715, 23, 'Horewelagoda', '82456', 6.3917, 80.6833),
(1716, 23, 'Ittakanda', '70342', 6.403532, 80.636458),
(1717, 23, 'Kahangama', '70016', 6.704217, 80.362927),
(1718, 23, 'Kahawatta', '70150', 6.708145, 80.303805),
(1719, 23, 'Kalawana', '70450', 6.531595, 80.407285),
(1720, 23, 'Kaltota', '70122', 6.6833, 80.6833),
(1721, 23, 'Kalubululanda', '90352', 6.6833, 80.7667),
(1722, 23, 'Kananke Bazaar', '80136', 6.7361, 80.4354),
(1723, 23, 'Kandepuhulpola', '90356', 6.6833, 80.7667),
(1724, 23, 'Karandana', '70488', 6.77254, 80.206883),
(1725, 23, 'Karangoda', '70018', 6.677224, 80.368723),
(1726, 23, 'Kella Junction', '70352', 6.4, 80.6833),
(1727, 23, 'Keppetipola', '90350', 6.6833, 80.7667),
(1728, 23, 'Kiriella', '70480', 6.753583, 80.265838),
(1729, 23, 'Kiriibbanwewa', '70252', 6.3406, 80.7804),
(1730, 23, 'Kolambageara', '70180', 6.7516, 80.5927),
(1731, 23, 'Kolombugama', '70403', 6.5667, 80.4833),
(1732, 23, 'Kolonna', '70350', 6.404095, 80.681552),
(1733, 23, 'Kudawa', '70005', 6.757336, 80.504485),
(1734, 23, 'Kuruwita', '70500', 6.7792, 80.3686),
(1735, 23, 'Lellopitiya', '70056', 6.655172, 80.471348),
(1736, 23, 'lmaduwa', '80130', 6.7361, 80.4354),
(1737, 23, 'lmbulpe', '70134', 6.7159, 80.6375),
(1738, 23, 'Mahagama Colony', '70256', 6.3406, 80.7804),
(1739, 23, 'Mahawalatenna', '70112', 6.5833, 80.75),
(1740, 23, 'Makandura Sabara', '70298', 6.5333, 80.6),
(1741, 23, 'Malwala Junction', '70001', 6.7, 80.4333),
(1742, 23, 'Malwatta', '32198', 6.65, 80.4167),
(1743, 23, 'Matuwagalagama', '70482', 6.7667, 80.2333),
(1744, 23, 'Medagalatur', '70021', 6.6414, 80.2882),
(1745, 23, 'Meddekanda', '70127', 6.6833, 80.6833),
(1746, 23, 'Minipura Dumbara', '70494', 6.5687, 80.363),
(1747, 23, 'Mitipola', '70604', 6.836923, 80.221949),
(1748, 23, 'Moragala Kirillapone', '81532', 6.8333, 80.3),
(1749, 23, 'Morahela', '70129', 6.679967, 80.691531),
(1750, 23, 'Mulendiyawala', '70212', 6.291657, 80.760239),
(1751, 23, 'Mulgama', '70117', 6.645942, 80.817832),
(1752, 23, 'Nawalakanda', '70469', 6.5167, 80.3333),
(1753, 23, 'NawinnaPinnakanda', '70165', 6.7168, 80.4999),
(1754, 23, 'Niralagama', '70038', 6.65, 80.3667),
(1755, 23, 'Nivitigala', '70400', 6.6, 80.4553),
(1756, 23, 'Omalpe', '70215', 6.327391, 80.694691),
(1757, 23, 'Opanayaka', '70080', 6.608359, 80.625134),
(1758, 23, 'Padalangala', '70230', 6.244961, 80.916029),
(1759, 23, 'Pallebedda', '70170', 6.45, 80.7333),
(1760, 23, 'Pallekanda', '82454', 6.6333, 80.6667),
(1761, 23, 'Pambagolla', '70133', 6.7333, 80.6833),
(1762, 23, 'Panamura', '70218', 6.351417, 80.776404),
(1763, 23, 'Panapola', '70461', 6.425337, 80.445421),
(1764, 23, 'Paragala', '81474', 6.601317, 80.343575),
(1765, 23, 'Parakaduwa', '70550', 6.825482, 80.299049),
(1766, 23, 'Pebotuwa', '70045', 6.540192, 80.452191),
(1767, 23, 'Pelmadulla', '70070', 6.620071, 80.542243),
(1768, 23, 'Pinnawala', '70130', 6.731251, 80.672146),
(1769, 23, 'Pothdeniya', '81538', 6.8333, 80.3),
(1770, 23, 'Rajawaka', '70116', 6.609347, 80.797987),
(1771, 23, 'Ranwala', '70162', 6.553121, 80.665495),
(1772, 23, 'Rassagala', '70135', 6.695227, 80.617304),
(1773, 23, 'Ratgama', '80260', 6.7333, 80.4833),
(1774, 23, 'Ratna Hangamuwa', '70036', 6.65, 80.3667),
(1775, 23, 'Ratnapura', '70000', 6.677603, 80.405592),
(1776, 23, 'Sewanagala', '70250', 6.3406, 80.7804),
(1777, 23, 'Sri Palabaddala', '70004', 6.800198, 80.476202),
(1778, 23, 'Sudagala', '70502', 6.7833, 80.4),
(1779, 23, 'Talakolahinna', '70101', 6.5844, 80.7332),
(1780, 23, 'Tanjantenna', '70118', 6.6361, 80.8536),
(1781, 23, 'Teppanawa', '70512', 6.75, 80.3167),
(1782, 23, 'Tunkama', '70205', 6.2833, 80.8833),
(1783, 23, 'Udakarawita', '70044', 6.7317, 80.4287),
(1784, 23, 'Udaniriella', '70034', 6.65, 80.3667),
(1785, 23, 'Udawalawe', '70190', 6.7516, 80.5927),
(1786, 23, 'Ullinduwawa', '70345', 6.367322, 80.631196),
(1787, 23, 'Veddagala', '70459', 6.45, 80.4333),
(1788, 23, 'Vijeriya', '70348', 6.4, 80.6333),
(1789, 23, 'Waleboda', '70138', 6.726367, 80.64106),
(1790, 23, 'Watapotha', '70408', 6.577958, 80.510709),
(1791, 23, 'Waturawa', '70456', 6.4833, 80.4333),
(1792, 23, 'Weligepola', '70104', 6.567212, 80.707078),
(1793, 23, 'Welipathayaya', '70124', 6.6833, 80.6833),
(1794, 23, 'Wikiliya', '70114', 6.6203, 80.7467),
(1795, 24, 'Agbopura', '31304', 8.330575, 80.97191),
(1796, 24, 'Buckmigama', '31028', 8.6667, 80.95),
(1797, 24, 'China Bay', '31050', 8.561664, 81.187386),
(1798, 24, 'Dehiwatte', '31226', 8.4458, 81.2875),
(1799, 24, 'Echchilampattai', '31236', 8.4458, 81.2875),
(1800, 24, 'Galmetiyawa', '31318', 8.3683, 81.0281),
(1801, 24, 'Gomarankadawala', '31026', 8.677731, 80.960417),
(1802, 24, 'Kaddaiparichchan', '31212', 8.459198, 81.278164),
(1803, 24, 'Kallar', '30250', 8.2833, 81.2667),
(1804, 24, 'Kanniya', '31032', 8.6333, 81.0167),
(1805, 24, 'Kantalai', '31300', 8.365483, 80.966897),
(1806, 24, 'Kantalai Sugar Factory', '31306', 8.3683, 81.0281),
(1807, 24, 'Kiliveddy', '31220', 8.354092, 81.275605),
(1808, 24, 'Kinniya', '31100', 8.497717, 81.179214),
(1809, 24, 'Kuchchaveli', '31014', 8.792709, 81.036113),
(1810, 24, 'Kumburupiddy', '31012', 8.7333, 81.15),
(1811, 24, 'Kurinchakemy', '31112', 8.4989, 81.1897),
(1812, 24, 'Lankapatuna', '31234', 8.4458, 81.2875),
(1813, 24, 'Mahadivulwewa', '31036', 8.613863, 80.9518),
(1814, 24, 'Maharugiramam', '31106', 8.4989, 81.1897),
(1815, 24, 'Mallikativu', '31224', 8.4458, 81.2875),
(1816, 24, 'Mawadichenai', '31238', 8.4458, 81.2875),
(1817, 24, 'Mullipothana', '31312', 8.3683, 81.0281),
(1818, 24, 'Mutur', '31200', 8.45, 81.2667),
(1819, 24, 'Neelapola', '31228', 8.4458, 81.2875),
(1820, 24, 'Nilaveli', '31010', 8.658756, 81.148516),
(1821, 24, 'Pankulam', '31034', 8.6333, 81.0167),
(1822, 24, 'Pulmoddai', '50567', 8.9333, 80.9833),
(1823, 24, 'Rottawewa', '31038', 8.6333, 81.0167),
(1824, 24, 'Sampaltivu', '31006', 8.6167, 81.2),
(1825, 24, 'Sampoor', '31216', 8.493354, 81.284828),
(1826, 24, 'Serunuwara', '31232', 8.4458, 81.2875),
(1827, 24, 'Seruwila', '31260', 8.4458, 81.2875),
(1828, 24, 'Sirajnagar', '31314', 8.3683, 81.0281),
(1829, 24, 'Somapura', '31222', 8.4458, 81.2875),
(1830, 24, 'Tampalakamam', '31046', 8.4925, 81.0964),
(1831, 24, 'Thuraineelavanai', '30254', 8.2833, 81.2667),
(1832, 24, 'Tiriyayi', '31016', 8.7444, 81.15),
(1833, 24, 'Toppur', '31250', 8.4, 81.3167),
(1834, 24, 'Trincomalee', '31000', 8.5667, 81.2333),
(1835, 24, 'Wanela', '31308', 8.3683, 81.0281),
(1836, 25, 'Vavuniya', '43000', 8.758818, 80.493461),
(1837, 5, 'Colombo 1', '100', 6.925833, 79.841667),
(1838, 5, 'Colombo 3', '300', 6.900556, 79.853333),
(1839, 5, 'Colombo 4', '400', 6.888889, 79.856667),
(1840, 5, 'Colombo 5', '500', 6.879444, 79.865278),
(1841, 5, 'Colombo 7', '700', 6.906667, 79.863333),
(1842, 5, 'Colombo 9', '900', 6.93, 79.877778),
(1843, 5, 'Colombo 10', '1000', 6.928333, 79.864167),
(1844, 5, 'Colombo 11', '1100', 6.936667, 79.849722),
(1845, 5, 'Colombo 12', '1200', 6.9425, 79.858333),
(1846, 5, 'Colombo 14', '1400', 6.9475, 79.874722);

-- --------------------------------------------------------

--
-- Table structure for table `tbl_list_districts`
--

DROP TABLE IF EXISTS `tbl_list_districts`;
CREATE TABLE IF NOT EXISTS `tbl_list_districts` (
  `id` int NOT NULL AUTO_INCREMENT,
  `province_id` int NOT NULL,
  `name_en` varchar(45) DEFAULT NULL,
  PRIMARY KEY (`id`)
) ENGINE=MyISAM AUTO_INCREMENT=26 DEFAULT CHARSET=utf8mb4 COLLATE=utf8mb4_general_ci;

--
-- Dumping data for table `tbl_list_districts`
--

INSERT INTO `tbl_list_districts` (`id`, `province_id`, `name_en`) VALUES
(1, 6, 'Ampara'),
(2, 8, 'Anuradhapura'),
(3, 7, 'Badulla'),
(4, 6, 'Batticaloa'),
(5, 1, 'Colombo'),
(6, 3, 'Galle'),
(7, 1, 'Gampaha'),
(8, 3, 'Hambantota'),
(9, 9, 'Jaffna'),
(10, 1, 'Kalutara'),
(11, 2, 'Kandy'),
(12, 5, 'Kegalle'),
(13, 9, 'Kilinochchi'),
(14, 4, 'Kurunegala'),
(15, 9, 'Mannar'),
(16, 2, 'Matale'),
(17, 3, 'Matara'),
(18, 7, 'Monaragala'),
(19, 9, 'Mullaitivu'),
(20, 2, 'Nuwara Eliya'),
(21, 8, 'Polonnaruwa'),
(22, 4, 'Puttalam'),
(23, 5, 'Ratnapura'),
(24, 6, 'Trincomalee'),
(25, 9, 'Vavuniya');

-- --------------------------------------------------------

--
-- Table structure for table `tbl_list_divisions`
--

DROP TABLE IF EXISTS `tbl_list_divisions`;
CREATE TABLE IF NOT EXISTS `tbl_list_divisions` (
  `id` int NOT NULL,
  `division_id` int NOT NULL,
  `district_name` varchar(50) NOT NULL,
  `division_name` varchar(50) NOT NULL,
  PRIMARY KEY (`id`)
) ENGINE=MyISAM DEFAULT CHARSET=utf8mb4 COLLATE=utf8mb4_general_ci;

--
-- Dumping data for table `tbl_list_divisions`
--

INSERT INTO `tbl_list_divisions` (`id`, `division_id`, `district_name`, `division_name`) VALUES
(1, 1, 'Ampara', 'Addalachchenai'),
(2, 1, 'Ampara', 'Akkaraipattu'),
(3, 1, 'Ampara', 'Alayadiwembu'),
(4, 1, 'Ampara', 'Ampara'),
(5, 1, 'Ampara', 'Damana'),
(6, 1, 'Ampara', 'Dehiattakandiya'),
(7, 1, 'Ampara', 'Eragama'),
(8, 1, 'Ampara', 'Kalmunai'),
(9, 1, 'Ampara', 'arativu'),
(10, 1, 'Ampara', 'Lahugala'),
(11, 1, 'Ampara', 'Mahaoya'),
(12, 1, 'Ampara', 'Navithanveli'),
(13, 1, 'Ampara', 'Ninthavur'),
(14, 1, 'Ampara', 'Padiyathalawa'),
(15, 1, 'Ampara', 'Pothuvil'),
(16, 1, 'Ampara', 'Sainthamarathu'),
(17, 1, 'Ampara', 'Sammanthurai'),
(18, 1, 'Ampara', 'Thirukkovil'),
(19, 1, 'Ampara', 'Uhana'),
(20, 2, 'Anuradhapura', 'Galenbindunuwewa'),
(21, 2, 'Anuradhapura', 'Galnewa'),
(22, 2, 'Anuradhapura', 'Horowpothana'),
(23, 2, 'Anuradhapura', 'Ipalogama'),
(24, 2, 'Anuradhapura', 'Kahatagasdigiliya'),
(25, 2, 'Anuradhapura', 'Kebithigollewa'),
(26, 2, 'Anuradhapura', 'Kekirawa'),
(27, 2, 'Anuradhapura', 'Mahavilachchiya'),
(28, 2, 'Anuradhapura', 'Medawachchiya'),
(29, 2, 'Anuradhapura', 'Mihinthale'),
(30, 2, 'Anuradhapura', 'Nachchadoowa'),
(31, 2, 'Anuradhapura', 'Nochchiyagama'),
(32, 2, 'Anuradhapura', 'Nuwaragam Palatha Central'),
(33, 2, 'Anuradhapura', 'Nuwaragam Palatha East'),
(34, 2, 'Anuradhapura', 'Padaviya'),
(35, 2, 'Anuradhapura', 'Palagala'),
(36, 2, 'Anuradhapura', 'Palugaswewa'),
(37, 2, 'Anuradhapura', 'Rajanganaya'),
(38, 2, 'Anuradhapura', 'Rambewa'),
(39, 2, 'Anuradhapura', 'Thalawa'),
(40, 2, 'Anuradhapura', 'Thambuttegama'),
(41, 2, 'Anuradhapura', 'Thirappane'),
(42, 3, 'Badulla', 'Badulla'),
(43, 3, 'Badulla', 'Bandarawela'),
(44, 3, 'Badulla', 'Ella'),
(45, 3, 'Badulla', 'Haldummulla'),
(46, 3, 'Badulla', 'Hali-Ela'),
(47, 3, 'Badulla', 'Haputale'),
(48, 3, 'Badulla', 'Kandaketiya'),
(49, 3, 'Badulla', 'Lunugala'),
(50, 3, 'Badulla', 'Mahiyanganaya'),
(51, 3, 'Badulla', 'Meegahakivula'),
(52, 3, 'Badulla', 'Passara'),
(53, 3, 'Badulla', 'Rideemaliyadda'),
(54, 3, 'Badulla', 'Soranathota'),
(55, 3, 'Badulla', 'Uva-Paranagama'),
(56, 3, 'Badulla', 'Welimada'),
(57, 4, 'Batticaloa', 'Eravur Pattu'),
(58, 4, 'Batticaloa', 'Eravur Town'),
(59, 4, 'Batticaloa', 'Kattankudy'),
(60, 4, 'Batticaloa', 'Koralai Pattu (Valachenai)'),
(61, 4, 'Batticaloa', 'Koralai Pattu Central'),
(62, 4, 'Batticaloa', 'Koralai Pattu North (Vaharai)'),
(63, 4, 'Batticaloa', 'Koralai Pattu South (Kiran)'),
(64, 4, 'Batticaloa', 'Koralai Pattu West (Oddamavadi)'),
(65, 4, 'Batticaloa', 'Manmunai North'),
(66, 4, 'Batticaloa', 'Manmunai Pattu (Araipattai)'),
(67, 4, 'Batticaloa', 'Manmunai South & Eruvil Pattu'),
(68, 4, 'Batticaloa', 'Manmunai Southwest'),
(69, 4, 'Batticaloa', 'Manmunai West'),
(70, 4, 'Batticaloa', 'Porativu Pattu'),
(71, 5, 'Colombo', 'Colombo'),
(72, 5, 'Colombo', 'Dehiwala'),
(73, 5, 'Colombo', 'Homagama'),
(74, 5, 'Colombo', 'Kaduwela'),
(75, 5, 'Colombo', 'Kesbewa'),
(76, 5, 'Colombo', 'Kolonnawa'),
(77, 5, 'Colombo', 'Maharagama'),
(78, 5, 'Colombo', 'Moratuwa'),
(79, 5, 'Colombo', 'Padukka'),
(80, 5, 'Colombo', 'Ratmalana'),
(81, 5, 'Colombo', 'Seethawaka (Hanwella)'),
(82, 5, 'Colombo', 'Sri Jayawardanapura Kotte'),
(83, 5, 'Colombo', 'Thimbirigasyaya'),
(84, 6, 'Galle', 'Akmeemana'),
(85, 6, 'Galle', 'Ambalangoda'),
(86, 6, 'Galle', 'Baddegama'),
(87, 6, 'Galle', 'Balapitiya'),
(88, 6, 'Galle', 'Benthota'),
(89, 6, 'Galle', 'Bope-Poddala'),
(90, 6, 'Galle', 'Elpitiya'),
(91, 6, 'Galle', 'Four Gravets'),
(92, 6, 'Galle', 'Gonapinuwala'),
(93, 6, 'Galle', 'Habaraduwa'),
(94, 6, 'Galle', 'Hikkaduwa'),
(95, 6, 'Galle', 'Imaduwa'),
(96, 6, 'Galle', 'Karandeniya'),
(97, 6, 'Galle', 'Nagoda'),
(98, 6, 'Galle', 'Neluwa'),
(99, 6, 'Galle', 'Niyagama'),
(100, 6, 'Galle', 'Thawalama'),
(101, 6, 'Galle', 'Welivitiya-Divithura'),
(102, 6, 'Galle', 'Yakkalamulla'),
(103, 7, 'Gampaha', 'Attanagalla'),
(104, 7, 'Gampaha', 'Biyagama'),
(105, 7, 'Gampaha', 'Divulapitiya'),
(106, 7, 'Gampaha', 'Dompe'),
(107, 7, 'Gampaha', 'Gampaha'),
(108, 7, 'Gampaha', 'Ja-Ela'),
(109, 7, 'Gampaha', 'Katana'),
(110, 7, 'Gampaha', 'Kelaniya'),
(111, 7, 'Gampaha', 'Mahara'),
(112, 7, 'Gampaha', 'Minuwangoda'),
(113, 7, 'Gampaha', 'Mirigama'),
(114, 7, 'Gampaha', 'Negombo'),
(115, 7, 'Gampaha', 'Wattala'),
(116, 8, 'Hambantota', 'Ambalantota'),
(117, 8, 'Hambantota', 'Angunakolapelessa'),
(118, 8, 'Hambantota', 'Beliatta'),
(119, 8, 'Hambantota', 'Hambantota'),
(120, 8, 'Hambantota', 'Katuwana'),
(121, 8, 'Hambantota', 'Lunugamvehera'),
(122, 8, 'Hambantota', 'Okewela'),
(123, 8, 'Hambantota', 'Sooriyawewa'),
(124, 8, 'Hambantota', 'Tangalle'),
(125, 8, 'Hambantota', 'Thissamaharama'),
(126, 8, 'Hambantota', 'Walasmulla'),
(127, 8, 'Hambantota', 'Weeraketiya'),
(128, 9, 'Jaffna', 'Delft'),
(129, 9, 'Jaffna', 'Island North (Kayts)'),
(130, 9, 'Jaffna', 'Island South (Velanai)'),
(131, 9, 'Jaffna', 'Jaffna'),
(132, 9, 'Jaffna', 'Karainagar'),
(133, 9, 'Jaffna', 'Nallur'),
(134, 9, 'Jaffna', 'Thenmaradchi (Chavakachcheri)'),
(135, 9, 'Jaffna', 'Vadamaradchi East (Maruthnkerny)'),
(136, 9, 'Jaffna', 'Vadamaradchi North (Point Pedro)'),
(137, 9, 'Jaffna', 'Vadamaradchi South-West (Karaveddy)'),
(138, 9, 'Jaffna', 'Valikamam East (Kopay)'),
(139, 9, 'Jaffna', 'Valikamam North (Tellippalai)'),
(140, 9, 'Jaffna', 'Valikamam South (Uduvil)'),
(141, 9, 'Jaffna', 'Valikamam South-West (Sandilipay)'),
(142, 9, 'Jaffna', 'Valikamam West (Chankanai)'),
(143, 10, 'Kalutara', 'Agalawatta'),
(144, 10, 'Kalutara', 'Bandaragama'),
(145, 10, 'Kalutara', 'Beruwala'),
(146, 10, 'Kalutara', 'Bulathsinhala'),
(147, 10, 'Kalutara', 'Dodangoda'),
(148, 10, 'Kalutara', 'Horana'),
(149, 10, 'Kalutara', 'Ingiriya'),
(150, 10, 'Kalutara', 'Kalutara'),
(151, 10, 'Kalutara', 'Madurawela'),
(152, 10, 'Kalutara', 'Mathugama'),
(153, 10, 'Kalutara', 'Millaniya'),
(154, 10, 'Kalutara', 'Palindanuwara'),
(155, 10, 'Kalutara', 'Panadura'),
(156, 10, 'Kalutara', 'Walallavita'),
(157, 11, 'Kandy', 'Akurana'),
(158, 11, 'Kandy', 'Delthota'),
(159, 11, 'Kandy', 'Doluwa'),
(160, 11, 'Kandy', 'Ganga Ihala Korale'),
(161, 11, 'Kandy', 'Harispattuwa'),
(162, 11, 'Kandy', 'Hatharaliyadda'),
(163, 11, 'Kandy', 'Kandy Four Gravets & Gangawata Korale'),
(164, 11, 'Kandy', 'Kundasale'),
(165, 11, 'Kandy', 'Medadumbara'),
(166, 11, 'Kandy', 'Minipe'),
(167, 11, 'Kandy', 'Panvila'),
(168, 11, 'Kandy', 'Pasbage Korale'),
(169, 11, 'Kandy', 'Pathadumbara'),
(170, 11, 'Kandy', 'Pathahewaheta'),
(171, 11, 'Kandy', 'Poojapitiya'),
(172, 11, 'Kandy', 'Thumpane'),
(173, 11, 'Kandy', 'Udadumbara'),
(174, 11, 'Kandy', 'Udapalatha'),
(175, 11, 'Kandy', 'Udunuwara'),
(176, 11, 'Kandy', 'Yatinuwara'),
(177, 12, 'Kegalle', 'Aranayaka'),
(178, 12, 'Kegalle', 'Bulathkohupitiya'),
(179, 12, 'Kegalle', 'Dehiovita'),
(180, 12, 'Kegalle', 'Deraniyagala'),
(181, 12, 'Kegalle', 'Galigamuwa'),
(182, 12, 'Kegalle', 'Kegalle'),
(183, 12, 'Kegalle', 'Mawanella'),
(184, 12, 'Kegalle', 'Rambukkana'),
(185, 12, 'Kegalle', 'Ruwanwella'),
(186, 12, 'Kegalle', 'Warakapola'),
(187, 12, 'Kegalle', 'Yatiyanthota'),
(188, 13, 'Kilinochchi', 'Kandavalai'),
(189, 13, 'Kilinochchi', 'Karachchi'),
(190, 13, 'Kilinochchi', 'Pachchilaipalli'),
(191, 13, 'Kilinochchi', 'Poonakary'),
(192, 14, 'Kurunegala', 'Alawwa'),
(193, 14, 'Kurunegala', 'Ambanpola'),
(194, 14, 'Kurunegala', 'Bamunakotuwa'),
(195, 14, 'Kurunegala', 'Bingiriya'),
(196, 14, 'Kurunegala', 'Ehetuwewa'),
(197, 14, 'Kurunegala', 'Galgamuwa'),
(198, 14, 'Kurunegala', 'Ganewatta'),
(199, 14, 'Kurunegala', 'Giribawa'),
(200, 14, 'Kurunegala', 'Ibbagamuwa'),
(201, 14, 'Kurunegala', 'Kobeigane'),
(202, 14, 'Kurunegala', 'Kotavehera'),
(203, 14, 'Kurunegala', 'Kuliyapitiya East'),
(204, 14, 'Kurunegala', 'Kuliyapitiya West'),
(205, 14, 'Kurunegala', 'Kurunegala'),
(206, 14, 'Kurunegala', 'Mahawa'),
(207, 14, 'Kurunegala', 'Mallawapitiya'),
(208, 14, 'Kurunegala', 'Maspotha'),
(209, 14, 'Kurunegala', 'Mawathagama'),
(210, 14, 'Kurunegala', 'Narammala'),
(211, 14, 'Kurunegala', 'Nikaweratiya'),
(212, 14, 'Kurunegala', 'Panduwasnuwara East'),
(213, 14, 'Kurunegala', 'Panduwasnuwara West'),
(214, 14, 'Kurunegala', 'Pannala'),
(215, 14, 'Kurunegala', 'Polgahawela'),
(216, 14, 'Kurunegala', 'Polpithigama'),
(217, 14, 'Kurunegala', 'Rasnayakapura'),
(218, 14, 'Kurunegala', 'Rideegama'),
(219, 14, 'Kurunegala', 'Udubaddawa'),
(220, 14, 'Kurunegala', 'Wariyapola'),
(221, 14, 'Kurunegala', 'Weerambugedara'),
(222, 15, 'Mannar', 'Madhu'),
(223, 15, 'Mannar', 'Mannar Town'),
(224, 15, 'Mannar', 'Manthai West'),
(225, 15, 'Mannar', 'Musalai'),
(226, 15, 'Mannar', 'Nanaddan'),
(227, 16, 'Matale', 'Ambanganga Korale'),
(228, 16, 'Matale', 'Dambulla'),
(229, 16, 'Matale', 'Galewela'),
(230, 16, 'Matale', 'Laggala-Pallegama'),
(231, 16, 'Matale', 'Matale'),
(232, 16, 'Matale', 'Naula'),
(233, 16, 'Matale', 'Pallepola'),
(234, 16, 'Matale', 'Rattota'),
(235, 16, 'Matale', 'Ukuwela'),
(236, 16, 'Matale', 'Wilgamuwa'),
(237, 16, 'Matale', 'Yatawatta'),
(238, 17, 'Matara', 'Akuressa'),
(239, 17, 'Matara', 'Athuraliya'),
(240, 17, 'Matara', 'Devinuwara'),
(241, 17, 'Matara', 'Dickwella'),
(242, 17, 'Matara', 'Hakmana'),
(243, 17, 'Matara', 'Kamburupitiya'),
(244, 17, 'Matara', 'Kirinda Puhulwella'),
(245, 17, 'Matara', 'Kotapola'),
(246, 17, 'Matara', 'Malimbada'),
(247, 17, 'Matara', 'Matara Four Gravets'),
(248, 17, 'Matara', 'Mulatiyana'),
(249, 17, 'Matara', 'Pasgoda'),
(250, 17, 'Matara', 'Pitabeddara'),
(251, 17, 'Matara', 'Thihagoda'),
(252, 17, 'Matara', 'Weligama'),
(253, 17, 'Matara', 'Welipitiya'),
(254, 18, 'Moneragala', 'Badalkumbura'),
(255, 18, 'Moneragala', 'Bibile'),
(256, 18, 'Moneragala', 'Buttala'),
(257, 18, 'Moneragala', 'Katharagama'),
(258, 18, 'Moneragala', 'Madulla'),
(259, 18, 'Moneragala', 'Medagama'),
(260, 18, 'Moneragala', 'Moneragala'),
(261, 18, 'Moneragala', 'Sevanagala'),
(262, 18, 'Moneragala', 'Siyambalanduwa'),
(263, 18, 'Moneragala', 'Thanamalvila'),
(264, 18, 'Moneragala', 'Wellawaya'),
(265, 19, 'Mullaitivu', 'Manthai East (Pandiyankulam)'),
(266, 19, 'Mullaitivu', 'Maritimepattu'),
(267, 19, 'Mullaitivu', 'Oddusuddan'),
(268, 19, 'Mullaitivu', 'Puthukudiyiruppu'),
(269, 19, 'Mullaitivu', 'Thunukkai'),
(270, 19, 'Mullaitivu', 'Welioya'),
(271, 20, 'Nuwara Eliya', 'Ambagamuwa'),
(272, 20, 'Nuwara Eliya', 'Hanguranketha'),
(273, 20, 'Nuwara Eliya', 'Kothmale'),
(274, 20, 'Nuwara Eliya', 'Nuwara Eliya'),
(275, 20, 'Nuwara Eliya', 'Walapane'),
(276, 21, 'Polonnaruwa', 'Dimbulagala'),
(277, 21, 'Polonnaruwa', 'Elahera'),
(278, 21, 'Polonnaruwa', 'Hingurakgoda'),
(279, 21, 'Polonnaruwa', 'Lankapura'),
(280, 21, 'Polonnaruwa', 'Medirigiriya'),
(281, 21, 'Polonnaruwa', 'Thamankaduwa'),
(282, 21, 'Polonnaruwa', 'Welikanda'),
(283, 22, 'Puttalam', 'Anamaduwa'),
(284, 22, 'Puttalam', 'Arachchikattuwa'),
(285, 22, 'Puttalam', 'Chilaw'),
(286, 22, 'Puttalam', 'Dankotuwa'),
(287, 22, 'Puttalam', 'Kalpitiya'),
(288, 22, 'Puttalam', 'Karuwalagaswewa'),
(289, 22, 'Puttalam', 'Madampe'),
(290, 22, 'Puttalam', 'Mahakumbukkadawala'),
(291, 22, 'Puttalam', 'Mahawewa'),
(292, 22, 'Puttalam', 'Mundalama'),
(293, 22, 'Puttalam', 'Nattandiya'),
(294, 22, 'Puttalam', 'Nawagattegama'),
(295, 22, 'Puttalam', 'Pallama'),
(296, 22, 'Puttalam', 'Puttalam'),
(297, 22, 'Puttalam', 'Vanathavilluwa'),
(298, 22, 'Puttalam', 'Wennappuwa'),
(299, 23, 'Ratnapura', 'Ayagama'),
(300, 23, 'Ratnapura', 'Balangoda'),
(301, 23, 'Ratnapura', 'Eheliyagoda'),
(302, 23, 'Ratnapura', 'Elapattha'),
(303, 23, 'Ratnapura', 'Embilipitiya'),
(304, 23, 'Ratnapura', 'Godakawela'),
(305, 23, 'Ratnapura', 'Imbulpev'),
(306, 23, 'Ratnapura', 'Kahawatta'),
(307, 23, 'Ratnapura', 'Kalawana'),
(308, 23, 'Ratnapura', 'Kiriella'),
(309, 23, 'Ratnapura', 'Kolonna'),
(310, 23, 'Ratnapura', 'Kuruvita'),
(311, 23, 'Ratnapura', 'Nivithigala'),
(312, 23, 'Ratnapura', 'Opanayaka'),
(313, 23, 'Ratnapura', 'Pelmadulla'),
(314, 23, 'Ratnapura', 'Ratnapura'),
(315, 23, 'Ratnapura', 'Weligepola'),
(316, 24, 'Trincomalee', 'Gomarankadawala'),
(317, 24, 'Trincomalee', 'Kantalai'),
(318, 24, 'Trincomalee', 'Kinniya'),
(319, 24, 'Trincomalee', 'Kuchchaveli'),
(320, 24, 'Trincomalee', 'Morawewa'),
(321, 24, 'Trincomalee', 'Muttur'),
(322, 24, 'Trincomalee', 'Padavi Sri Pura'),
(323, 24, 'Trincomalee', 'Seruvila'),
(324, 24, 'Trincomalee', 'Thambalagamuwa'),
(325, 24, 'Trincomalee', 'Trincomalee Town and Gravets'),
(326, 24, 'Trincomalee', 'Verugal'),
(327, 25, 'Vavuniya', 'Vavuniya'),
(328, 25, 'Vavuniya', 'Vavuniya North'),
(329, 25, 'Vavuniya', 'Vavuniya South'),
(330, 25, 'Vavuniya', 'Vengalacheddikulam');

-- --------------------------------------------------------

--
-- Table structure for table `tbl_list_gnd`
--

DROP TABLE IF EXISTS `tbl_list_gnd`;
CREATE TABLE IF NOT EXISTS `tbl_list_gnd` (
  `id` int NOT NULL AUTO_INCREMENT,
  `gnd_id` int NOT NULL,
  `division_name` varchar(50) NOT NULL,
  `gnd_name` varchar(50) NOT NULL,
  PRIMARY KEY (`id`)
) ENGINE=MyISAM AUTO_INCREMENT=2715 DEFAULT CHARSET=utf8mb4 COLLATE=utf8mb4_general_ci;

--
-- Dumping data for table `tbl_list_gnd`
--

INSERT INTO `tbl_list_gnd` (`id`, `gnd_id`, `division_name`, `gnd_name`) VALUES
(1, 40, 'Kothmale', 'Nawamorape'),
(2, 45, 'Kothmale', 'Nawa Kadadora'),
(3, 50, 'Kothmale', 'Delta Gemunupura'),
(4, 55, 'Kothmale', 'Helboda'),
(5, 60, 'Kothmale', 'Karagasthalawa'),
(6, 65, 'Kothmale', 'Protoft'),
(7, 70, 'Kothmale', 'Ramboda'),
(8, 75, 'Kothmale', 'Sangilipalama'),
(9, 80, 'Kothmale', 'Panamgammana'),
(10, 85, 'Kothmale', 'Katukithula'),
(11, 90, 'Kothmale', 'Helsirigama'),
(12, 95, 'Kothmale', 'Kothmalgama'),
(13, 100, 'Kothmale', 'Raja Ela'),
(14, 105, 'Kothmale', 'Mawela East'),
(15, 110, 'Kothmale', 'Mawela West'),
(16, 195, 'Kothmale', 'Maswela'),
(17, 205, 'Kothmale', 'Mawela Kanda'),
(18, 215, 'Kothmale', 'Gomburuoya'),
(19, 220, 'Kothmale', 'Wewahinna'),
(20, 225, 'Kothmale', 'Delunthalamada'),
(21, 230, 'Kothmale', 'Ambathalawa'),
(22, 235, 'Kothmale', 'Malhewa'),
(23, 240, 'Kothmale', 'Rambodagama'),
(24, 245, 'Kothmale', 'Wedamulla'),
(25, 250, 'Kothmale', 'Palagolla'),
(26, 255, 'Kothmale', 'Niyamgamdora'),
(27, 350, 'Kothmale', 'Kiridiwela'),
(28, 355, 'Kothmale', 'Kumbaloluwa'),
(29, 360, 'Kothmale', 'Medakanda'),
(30, 365, 'Kothmale', 'Egodawela'),
(31, 370, 'Kothmale', 'Pundaluoya North'),
(32, 375, 'Kothmale', 'Labukele'),
(33, 380, 'Kothmale', 'Kudaoya'),
(34, 385, 'Kothmale', 'Saman Eliya'),
(35, 390, 'Kothmale', 'Kikiliyamana'),
(36, 395, 'Kothmale', 'Dansinan'),
(37, 400, 'Kothmale', 'Sheen'),
(38, 405, 'Kothmale', 'Sheengama'),
(39, 410, 'Kothmale', 'Pundaluoya South'),
(40, 415, 'Kothmale', 'Kadadorapitiya'),
(41, 420, 'Kothmale', 'Kosgaha Pathana'),
(42, 425, 'Kothmale', 'Karagahayatathenna'),
(43, 430, 'Kothmale', 'Bogahawela'),
(44, 435, 'Kothmale', 'Halpola'),
(45, 440, 'Kothmale', 'Madakumbura'),
(46, 475, 'Kothmale', 'Dunukedeniya'),
(47, 480, 'Kothmale', 'Medakumbura North'),
(48, 5, 'Kothmale', 'Ranwanthalawa'),
(49, 10, 'Kothmale', 'Kadadora'),
(50, 15, 'Kothmale', 'Kotagepitiya South'),
(51, 20, 'Kothmale', 'Kotagepitiya North'),
(52, 25, 'Kothmale', 'Nayapana'),
(53, 30, 'Kothmale', 'Hapugasthalawa'),
(54, 35, 'Kothmale', 'Doruwadeniya'),
(55, 40, 'Kothmale', 'Kolapathana'),
(56, 45, 'Kothmale', 'Ruwanpura'),
(57, 50, 'Kothmale', 'Dambagolla'),
(58, 55, 'Kothmale', 'Kaludemada'),
(59, 60, 'Kothmale', 'Mallanda'),
(60, 65, 'Kothmale', 'Kataboola'),
(61, 70, 'Kothmale', 'Hunugalloya'),
(62, 75, 'Kothmale', 'Thelissagala'),
(63, 80, 'Kothmale', 'Ihala Gorakaoya'),
(64, 85, 'Kothmale', 'Polwathura'),
(65, 90, 'Kothmale', 'Pahala Gorakaoya'),
(66, 95, 'Kothmale', 'Queensberry'),
(67, 100, 'Kothmale', 'Harangala'),
(68, 105, 'Kothmale', 'Harangala South'),
(69, 110, 'Kothmale', 'Kirimetiyawa'),
(70, 115, 'Kothmale', 'Halgolla'),
(71, 120, 'Kothmale', 'Werella Pathana'),
(72, 125, 'Kothmale', 'Thispanekanda'),
(73, 130, 'Kothmale', 'Godamadiththa'),
(74, 135, 'Kothmale', 'Katugolla'),
(75, 140, 'Kothmale', 'Wataddara'),
(76, 145, 'Kothmale', 'Nawangama'),
(77, 150, 'Kothmale', 'Kalapitiya East'),
(78, 155, 'Kothmale', 'Hedunuwewe'),
(79, 160, 'Kothmale', 'Rojasangama North'),
(80, 165, 'Kothmale', 'Kalapitiya West'),
(81, 170, 'Kothmale', 'Rojasangama South'),
(82, 175, 'Kothmale', 'Wethalawa'),
(83, 180, 'Kothmale', 'Koththunugoda'),
(84, 185, 'Kothmale', 'Weerasekarapura'),
(85, 190, 'Kothmale', 'Dombagasthalawa'),
(86, 195, 'Kothmale', 'Meathagama'),
(87, 200, 'Kothmale', 'Maldeniya'),
(88, 205, 'Kothmale', 'Katarandana'),
(89, 210, 'Kothmale', 'Rawanagoda East'),
(90, 215, 'Kothmale', 'Vijayabahu Kanda'),
(91, 220, 'Kothmale', 'Beramana'),
(92, 225, 'Kothmale', 'Beramana South'),
(93, 230, 'Kothmale', 'Beramana North'),
(94, 235, 'Kothmale', 'Rawanagoda West'),
(95, 240, 'Kothmale', 'Udagammedda'),
(96, 245, 'Kothmale', 'Weerapura'),
(97, 5, 'Hanguranketha', 'Hingurukaduwa'),
(98, 10, 'Hanguranketha', 'Ambewela'),
(99, 15, 'Hanguranketha', 'Welikada'),
(100, 20, 'Hanguranketha', 'Idamalanda'),
(101, 25, 'Hanguranketha', 'Adikarigama'),
(102, 30, 'Hanguranketha', 'Karalliyedda'),
(103, 35, 'Hanguranketha', 'Bogahalanda'),
(104, 40, 'Hanguranketha', 'Hakuruthale'),
(105, 45, 'Hanguranketha', 'Maliyadda'),
(106, 50, 'Hanguranketha', 'Mirahampe'),
(107, 55, 'Hanguranketha', 'Pussalamankada'),
(108, 60, 'Hanguranketha', 'Yati Hanguranketha'),
(109, 65, 'Hanguranketha', 'Delgahapitiya'),
(110, 70, 'Hanguranketha', 'Sangaraja Gama'),
(111, 75, 'Hanguranketha', 'Mudunapita'),
(112, 80, 'Hanguranketha', 'Gangaudagama'),
(113, 85, 'Hanguranketha', 'Mallulla'),
(114, 90, 'Hanguranketha', 'Udawatta East'),
(115, 95, 'Hanguranketha', 'Hilpankandura'),
(116, 100, 'Hanguranketha', 'Galauda North'),
(117, 105, 'Hanguranketha', 'Endiribedda'),
(118, 115, 'Hanguranketha', 'Galauda South'),
(119, 120, 'Hanguranketha', 'Udakanda'),
(120, 125, 'Hanguranketha', 'Udawatta West'),
(121, 130, 'Hanguranketha', 'Udawatta Kumbura'),
(122, 135, 'Hanguranketha', 'Pallemaluwa'),
(123, 140, 'Hanguranketha', 'Hanguranketha'),
(124, 145, 'Hanguranketha', 'Damunumeya North'),
(125, 150, 'Hanguranketha', 'Arattana'),
(126, 155, 'Hanguranketha', 'Ambaliyedda'),
(127, 160, 'Hanguranketha', 'Dampola'),
(128, 165, 'Hanguranketha', 'Rekitipe'),
(129, 170, 'Hanguranketha', 'Hapuwala'),
(130, 175, 'Hanguranketha', 'Dolugala'),
(131, 180, 'Hanguranketha', 'Daliwala'),
(132, 185, 'Hanguranketha', 'Madanwala'),
(133, 190, 'Hanguranketha', 'Damunumeya'),
(134, 195, 'Hanguranketha', 'Kottala'),
(135, 200, 'Hanguranketha', 'Diya - Udagama'),
(136, 205, 'Hanguranketha', 'Uda Galauda'),
(137, 225, 'Hanguranketha', 'Dodamkumbura'),
(138, 230, 'Hanguranketha', 'Walalawela'),
(139, 235, 'Hanguranketha', 'Rathmetiya'),
(140, 240, 'Hanguranketha', 'Hapugasdeniya'),
(141, 245, 'Hanguranketha', 'Diggalpotta'),
(142, 250, 'Hanguranketha', 'Unanthenna'),
(143, 255, 'Hanguranketha', 'Kosgahan Debala'),
(144, 260, 'Hanguranketha', 'Warapitiya'),
(145, 265, 'Hanguranketha', 'Medagama'),
(146, 270, 'Hanguranketha', 'Bowala'),
(147, 275, 'Hanguranketha', 'Kithulpe'),
(148, 280, 'Hanguranketha', 'Makempe'),
(149, 285, 'Hanguranketha', 'Puranagama'),
(150, 290, 'Hanguranketha', 'Ekiriya'),
(151, 295, 'Hanguranketha', 'Poramadulla'),
(152, 300, 'Hanguranketha', 'Labuhena'),
(153, 320, 'Hanguranketha', 'Rikillagaskada'),
(154, 330, 'Hanguranketha', 'Udamakuruppa'),
(155, 345, 'Hanguranketha', 'Dimbulkumbura'),
(156, 375, 'Hanguranketha', 'Bulugahapitiya'),
(157, 380, 'Hanguranketha', 'Wegama'),
(158, 385, 'Hanguranketha', 'Agappala'),
(159, 390, 'Hanguranketha', 'Bambaragama'),
(160, 395, 'Hanguranketha', 'Bambaragama East'),
(161, 400, 'Hanguranketha', 'Bambaragama West'),
(162, 405, 'Hanguranketha', 'Malanwatta'),
(163, 410, 'Hanguranketha', 'Ganga Udagama'),
(164, 415, 'Hanguranketha', 'Gedereiyawa'),
(165, 420, 'Hanguranketha', 'Daraoya'),
(166, 425, 'Hanguranketha', 'Kirimetiya'),
(167, 430, 'Hanguranketha', 'Hope'),
(168, 435, 'Hanguranketha', 'Watesthenna'),
(169, 440, 'Hanguranketha', 'Handawalapitiya'),
(170, 445, 'Hanguranketha', 'Karamidula'),
(171, 450, 'Hanguranketha', 'Madumana'),
(172, 455, 'Hanguranketha', 'Rahathungoda'),
(173, 460, 'Hanguranketha', 'Enasal Arawa'),
(174, 465, 'Hanguranketha', 'Kawatayamana'),
(175, 515, 'Hanguranketha', 'Rukwood Estate'),
(176, 520, 'Hanguranketha', 'Muloya'),
(177, 555, 'Hanguranketha', 'Udagama'),
(178, 665, 'Hanguranketha', 'Gannawa Udagama'),
(179, 5, 'Mathurata', 'Wadawala'),
(180, 10, 'Mathurata', 'Alawattegama'),
(181, 15, 'Mathurata', 'Kaluattanagolla'),
(182, 20, 'Mathurata', 'Dehipe'),
(183, 25, 'Mathurata', 'Bodhimalkada'),
(184, 30, 'Mathurata', 'Deniyagama'),
(185, 35, 'Mathurata', 'Red Cross Gama'),
(186, 40, 'Mathurata', 'Welapahala'),
(187, 45, 'Mathurata', 'Denike'),
(188, 50, 'Mathurata', 'Udalumada'),
(189, 55, 'Mathurata', 'Welampagoda'),
(190, 60, 'Mathurata', 'Udawela Pathana'),
(191, 65, 'Mathurata', 'Wilwala'),
(192, 70, 'Mathurata', 'Ehelamalpe'),
(193, 75, 'Mathurata', 'Pallewela'),
(194, 80, 'Mathurata', 'Bogamuwa'),
(195, 85, 'Mathurata', 'Makuruppa'),
(196, 90, 'Mathurata', 'Palle Mukuruppa'),
(197, 95, 'Mathurata', 'Bodhiwela'),
(198, 100, 'Mathurata', 'Illagolla'),
(199, 105, 'Mathurata', 'Moragolla'),
(200, 110, 'Mathurata', 'Rammalakandura'),
(201, 115, 'Mathurata', 'Happawara'),
(202, 120, 'Mathurata', 'Ketayapathana'),
(203, 125, 'Mathurata', 'Dunukebedda'),
(204, 130, 'Mathurata', 'Gonakele'),
(205, 135, 'Mathurata', 'Ketayapathana Udagama'),
(206, 140, 'Mathurata', 'Ampitigoda'),
(207, 145, 'Mathurata', 'Bomellagoda'),
(208, 150, 'Mathurata', 'Gonapitiya'),
(209, 155, 'Mathurata', 'Mathurata'),
(210, 160, 'Mathurata', 'Merrygold'),
(211, 165, 'Mathurata', 'Idampitiya'),
(212, 170, 'Mathurata', 'Uda Padiyapelella'),
(213, 175, 'Mathurata', 'Okandagala'),
(214, 180, 'Mathurata', 'Manakola'),
(215, 185, 'Mathurata', 'Deegalahinna'),
(216, 190, 'Mathurata', 'Marthuwela'),
(217, 195, 'Mathurata', 'Rathyaya'),
(218, 200, 'Mathurata', 'Godigamuwa'),
(219, 205, 'Mathurata', 'Elamulla'),
(220, 210, 'Mathurata', 'Ketahira'),
(221, 215, 'Mathurata', 'Wellagiriya'),
(222, 220, 'Mathurata', 'Metibembiya'),
(223, 225, 'Mathurata', 'Mandaramnuwara'),
(224, 230, 'Mathurata', 'Goodwood'),
(225, 235, 'Mathurata', 'Udawela'),
(226, 240, 'Mathurata', 'Labuhenwala'),
(227, 245, 'Mathurata', 'Wewathenna'),
(228, 250, 'Mathurata', 'Medawela'),
(229, 255, 'Mathurata', 'Malsaranuwara'),
(230, 260, 'Mathurata', 'Hunukotuwa'),
(231, 5, 'Walapane', 'Sarasunthenna'),
(232, 65, 'Walapane', 'Ketakandura'),
(233, 70, 'Walapane', 'Batagolla'),
(234, 75, 'Walapane', 'Thennehenwala'),
(235, 80, 'Walapane', 'Deliwala South'),
(236, 85, 'Walapane', 'Deliwala North'),
(237, 90, 'Walapane', 'Pannala'),
(238, 95, 'Walapane', 'Serupitiya'),
(239, 100, 'Walapane', 'Mailagasthenna'),
(240, 105, 'Walapane', 'Andawela'),
(241, 110, 'Walapane', 'Naranthalawa'),
(242, 115, 'Walapane', 'Ihala Pannala'),
(243, 120, 'Walapane', 'Wewakele'),
(244, 125, 'Walapane', 'Kumbalgamuwa'),
(245, 130, 'Walapane', 'Kumbalgamuwa East'),
(246, 135, 'Walapane', 'Mulhalkele'),
(247, 140, 'Walapane', 'Manelwala'),
(248, 145, 'Walapane', 'Wathumulla'),
(249, 150, 'Walapane', 'Kendagolla'),
(250, 255, 'Walapane', 'Egoda Kanda'),
(251, 260, 'Walapane', 'Kandegama'),
(252, 265, 'Walapane', 'Walapane'),
(253, 270, 'Walapane', 'Kurunduoya'),
(254, 275, 'Walapane', 'Liyanwala Ihalagama'),
(255, 280, 'Walapane', 'Madumana'),
(256, 285, 'Walapane', 'Ilukpelessa'),
(257, 290, 'Walapane', 'Unagolla'),
(258, 295, 'Walapane', 'Liyanwala Pahalagama'),
(259, 300, 'Walapane', 'Medakandura'),
(260, 305, 'Walapane', 'Galabada'),
(261, 310, 'Walapane', 'Ambagaspitiya'),
(262, 315, 'Walapane', 'Munwatta'),
(263, 320, 'Walapane', 'Landupita'),
(264, 325, 'Walapane', 'Wetekgama'),
(265, 330, 'Walapane', 'Padiyapelella'),
(266, 335, 'Walapane', 'Napatawela'),
(267, 340, 'Walapane', 'Ukuthule'),
(268, 345, 'Walapane', 'Yatiwella'),
(269, 350, 'Walapane', 'Wetagepatha'),
(270, 355, 'Walapane', 'Ukuthule East'),
(271, 360, 'Walapane', 'Alakola Wewa'),
(272, 365, 'Walapane', 'Highforest watta'),
(273, 370, 'Walapane', 'Mahakudugala'),
(274, 375, 'Walapane', 'Brookside'),
(275, 380, 'Walapane', 'Highforest'),
(276, 385, 'Walapane', 'Binganthalawa'),
(277, 390, 'Walapane', 'Maha  Uva'),
(278, 395, 'Walapane', 'Werella Pathana'),
(279, 485, 'Walapane', 'Morabedda'),
(280, 490, 'Walapane', 'Harasbedda North'),
(281, 495, 'Walapane', 'Mahapathana'),
(282, 500, 'Walapane', 'Harasbedda South'),
(283, 505, 'Walapane', 'Palalpathana'),
(284, 510, 'Walapane', 'Rathnayakapura'),
(285, 515, 'Walapane', 'Ragala Watta'),
(286, 520, 'Walapane', 'Manthreethenna'),
(287, 525, 'Walapane', 'Pandithaya Kumbura'),
(288, 575, 'Walapane', 'Senarathpura'),
(289, 580, 'Walapane', 'St. Leonard'),
(290, 585, 'Walapane', 'Ragala'),
(291, 590, 'Walapane', 'Ekangapura'),
(292, 595, 'Walapane', 'Samagipura'),
(293, 30, 'Nuwara Eliya', 'Bangalahatha'),
(294, 35, 'Nuwara Eliya', 'Toppass'),
(295, 40, 'Nuwara Eliya', 'Park'),
(296, 45, 'Nuwara Eliya', 'Concordia'),
(297, 50, 'Nuwara Eliya', 'Kandapola'),
(298, 55, 'Nuwara Eliya', 'Kandapola Central'),
(299, 60, 'Nuwara Eliya', 'Hawaeliya East'),
(300, 65, 'Nuwara Eliya', 'Bambarakele'),
(301, 70, 'Nuwara Eliya', 'Nuwaraeliya West'),
(302, 75, 'Nuwara Eliya', 'Shanthipura'),
(303, 80, 'Nuwara Eliya', 'Kalapura'),
(304, 140, 'Nuwara Eliya', 'Rathnagiriya'),
(305, 150, 'Nuwara Eliya', 'Summerset'),
(306, 155, 'Nuwara Eliya', 'Nanuoya'),
(307, 160, 'Nuwara Eliya', 'Windicorner'),
(308, 165, 'Nuwara Eliya', 'Nuwaraeliya'),
(309, 170, 'Nuwara Eliya', 'Nuwaraeliya Central'),
(310, 175, 'Nuwara Eliya', 'Hawaeliya North'),
(311, 180, 'Nuwara Eliya', 'Hawaeliya West'),
(312, 185, 'Nuwara Eliya', 'Bulu Ela'),
(313, 190, 'Nuwara Eliya', 'Galpalama'),
(314, 195, 'Nuwara Eliya', 'Jayalanka'),
(315, 200, 'Nuwara Eliya', 'Kandapola East'),
(316, 205, 'Nuwara Eliya', 'Pedro'),
(317, 210, 'Nuwara Eliya', 'Goradihela'),
(318, 215, 'Nuwara Eliya', 'Seethaeliya'),
(319, 220, 'Nuwara Eliya', 'Sandathenna'),
(320, 225, 'Nuwara Eliya', 'Kelegala'),
(321, 230, 'Nuwara Eliya', 'Kalukele'),
(322, 235, 'Nuwara Eliya', 'Magasthota'),
(323, 240, 'Nuwara Eliya', 'Ruwaneliya'),
(324, 245, 'Nuwara Eliya', 'Perakumpura'),
(325, 250, 'Nuwara Eliya', 'Kirimetiya'),
(326, 290, 'Nuwara Eliya', 'Magoda'),
(327, 295, 'Nuwara Eliya', 'Mihindupura'),
(328, 300, 'Nuwara Eliya', 'Meepilimana'),
(329, 305, 'Nuwara Eliya', 'Ambewela'),
(330, 310, 'Nuwara Eliya', 'Pattipola'),
(331, 5, 'Thalawakale', 'Lindula'),
(332, 10, 'Thalawakale', 'Hallbrook'),
(333, 15, 'Thalawakale', 'Elbedda'),
(334, 20, 'Thalawakale', 'Agarapathana'),
(335, 25, 'Thalawakale', 'Dayagama West'),
(336, 30, 'Thalawakale', 'Nagasena'),
(337, 35, 'Thalawakale', 'Eildonhall'),
(338, 40, 'Thalawakale', 'Rahanwatta'),
(339, 45, 'Thalawakale', 'Waltrim'),
(340, 50, 'Thalawakale', 'Glasgow'),
(341, 55, 'Thalawakale', 'Albian'),
(342, 60, 'Thalawakale', 'Lippakelle'),
(343, 65, 'Thalawakale', 'Thangakele'),
(344, 70, 'Thalawakale', 'Henfold'),
(345, 75, 'Thalawakale', 'Braemore'),
(346, 80, 'Thalawakale', 'Balmoral'),
(347, 85, 'Thalawakale', 'Sandrinhem'),
(348, 90, 'Thalawakale', 'Dayagama East'),
(349, 95, 'Thalawakale', 'Weverly'),
(350, 100, 'Thalawakale', 'Kotagala'),
(351, 105, 'Thalawakale', 'Kudu Oya'),
(352, 110, 'Thalawakale', 'Dimbula'),
(353, 115, 'Thalawakale', 'Devon'),
(354, 120, 'Thalawakale', 'Watagoda'),
(355, 125, 'Thalawakale', 'Thalawakele'),
(356, 130, 'Thalawakale', 'Stonycliff'),
(357, 135, 'Thalawakale', 'Dreton'),
(358, 140, 'Thalawakale', 'Bogahawatta'),
(359, 145, 'Thalawakale', 'Mount Vernon'),
(360, 150, 'Thalawakale', 'Coombewood'),
(361, 155, 'Thalawakale', 'Hollyrood'),
(362, 160, 'Thalawakale', 'Bearwell'),
(363, 165, 'Thalawakale', 'Yulefield'),
(364, 170, 'Thalawakale', 'Great Western'),
(365, 5, 'Ambagamuwa', 'Kalugala'),
(366, 10, 'Ambagamuwa', 'Pittawala'),
(367, 15, 'Ambagamuwa', 'Bulathgama'),
(368, 20, 'Ambagamuwa', 'Gonawala'),
(369, 25, 'Ambagamuwa', ' Ambagamuwa North'),
(370, 30, 'Ambagamuwa', 'Sellipigama'),
(371, 35, 'Ambagamuwa', 'Ambagamuwa East'),
(372, 40, 'Ambagamuwa', 'Ambagamuwa South'),
(373, 45, 'Ambagamuwa', 'Rampadeniya'),
(374, 50, 'Ambagamuwa', 'Millagahamulla'),
(375, 55, 'Ambagamuwa', 'Dhagampitiya'),
(376, 60, 'Ambagamuwa', 'Polpitiya'),
(377, 65, 'Ambagamuwa', 'Minuwandeniya'),
(378, 70, 'Ambagamuwa', 'Hitegegama'),
(379, 75, 'Ambagamuwa', 'Kehelwarawa'),
(380, 80, 'Ambagamuwa', 'Homagama'),
(381, 85, 'Ambagamuwa', 'Hebbekanda'),
(382, 90, 'Ambagamuwa', 'Samansirigama'),
(383, 95, 'Ambagamuwa', 'Theeniyagala'),
(384, 100, 'Ambagamuwa', 'Ginigathhena'),
(385, 105, 'Ambagamuwa', 'Dehigasthenna'),
(386, 110, 'Ambagamuwa', 'Kalaweldeniya'),
(387, 115, 'Ambagamuwa', 'Morahenagama'),
(388, 120, 'Ambagamuwa', 'Hangarapitiya'),
(389, 125, 'Ambagamuwa', 'Jambuthenna'),
(390, 130, 'Ambagamuwa', 'Kothellena'),
(391, 135, 'Ambagamuwa', 'Waggama'),
(392, 140, 'Ambagamuwa', 'Laxapana'),
(393, 145, 'Ambagamuwa', 'Kiriwaneliya'),
(394, 150, 'Ambagamuwa', 'Vidhulipura South'),
(395, 155, 'Ambagamuwa', 'Vidulipura North'),
(396, 160, 'Ambagamuwa', 'Watawala'),
(397, 5, 'Norwood', 'Dickoya'),
(398, 10, 'Norwood', 'Dickoya South'),
(399, 15, 'Norwood', 'Hatton North'),
(400, 20, 'Norwood', 'Hatton West'),
(401, 25, 'Norwood', 'Hatton South'),
(402, 30, 'Norwood', 'Hatton East'),
(403, 35, 'Norwood', 'Bogawanthalawa South'),
(404, 40, 'Norwood', 'Kirkoswald'),
(405, 45, 'Norwood', 'New Valley Gama'),
(406, 50, 'Norwood', 'Annfield'),
(407, 55, 'Norwood', 'Wanarajah'),
(408, 60, 'Norwood', 'Lethenty'),
(409, 65, 'Norwood', 'Ingestre'),
(410, 70, 'Norwood', 'Tillerie'),
(411, 75, 'Norwood', 'Bogawana'),
(412, 80, 'Norwood', 'Loinorn'),
(413, 85, 'Norwood', 'Kotiyagala'),
(414, 90, 'Norwood', 'Norwood'),
(415, 95, 'Norwood', 'Maskeliya'),
(416, 100, 'Norwood', 'Seethagangula'),
(417, 105, 'Norwood', 'Gouravilla'),
(418, 110, 'Norwood', 'Sthrathspey'),
(419, 115, 'Norwood', 'Rozella'),
(420, 120, 'Norwood', 'Ruwanpura'),
(421, 125, 'Norwood', 'Morray'),
(422, 130, 'Norwood', 'Mousakelle'),
(423, 135, 'Norwood', 'Alten'),
(424, 140, 'Norwood', 'Mahanelu'),
(425, 145, 'Norwood', 'Venture'),
(426, 150, 'Norwood', 'Brunswick'),
(427, 155, 'Norwood', 'Brownlow'),
(428, 160, 'Norwood', 'Shannon'),
(429, 165, 'Norwood', 'Vellioya'),
(430, 170, 'Norwood', 'Mocha'),
(431, 175, 'Norwood', 'Panmor'),
(432, 5, 'Galewela', 'Wetakoluwewa'),
(433, 10, 'Galewela', 'Dewahuwa Janapadaya 2'),
(434, 15, 'Galewela', 'Makulgaswewa'),
(435, 20, 'Galewela', 'Ibbankatuwa'),
(436, 25, 'Galewela', 'Thalakiriyagama'),
(437, 30, 'Galewela', 'Thennakoonpura'),
(438, 35, 'Galewela', 'Dandubendiruppa'),
(439, 40, 'Galewela', 'Dewahuwa Janapadaya 1'),
(440, 45, 'Galewela', 'Bulanawewa'),
(441, 50, 'Galewela', 'Pahala Diggala'),
(442, 55, 'Galewela', 'Meewalapathaha'),
(443, 60, 'Galewela', 'Pahalawewa'),
(444, 65, 'Galewela', 'Yatigalpotta'),
(445, 70, 'Galewela', 'Kumbukgolla'),
(446, 75, 'Galewela', 'Kosgahahinna'),
(447, 80, 'Galewela', 'Ralalerotawewa'),
(448, 85, 'Galewela', 'Moragolla'),
(449, 90, 'Galewela', 'Pibidunugama'),
(450, 95, 'Galewela', 'Aluthwewa'),
(451, 100, 'Galewela', 'Bambaragaswewa'),
(452, 105, 'Galewela', 'Beliyakanda'),
(453, 110, 'Galewela', 'Silwathgama'),
(454, 115, 'Galewela', 'Walaswewa'),
(455, 120, 'Galewela', 'Galapamula'),
(456, 125, 'Galewela', 'Damunumulla'),
(457, 130, 'Galewela', 'Pattiwela'),
(458, 135, 'Galewela', 'Nilagama'),
(459, 140, 'Galewela', 'Hombawa'),
(460, 145, 'Galewela', 'Palu Hombawa'),
(461, 150, 'Galewela', 'Dambawatawana'),
(462, 155, 'Galewela', 'Puwakpitiya'),
(463, 160, 'Galewela', 'Weragalawatte'),
(464, 165, 'Galewela', 'Namadagahawatte'),
(465, 170, 'Galewela', 'Galewela Town'),
(466, 175, 'Galewela', 'Pathkolagolla'),
(467, 180, 'Galewela', 'Kospotha'),
(468, 185, 'Galewela', 'Ranwediyawa'),
(469, 190, 'Galewela', 'Pahala Bambawa'),
(470, 195, 'Galewela', 'Danduyaya'),
(471, 200, 'Galewela', 'Dambagolla'),
(472, 205, 'Galewela', 'Ihala Bambawa'),
(473, 210, 'Galewela', 'Siyambalagahawela'),
(474, 215, 'Galewela', 'Pihillayaya'),
(475, 220, 'Galewela', 'Medabedda North'),
(476, 225, 'Galewela', 'Divulgaskotuwa'),
(477, 230, 'Galewela', 'Hathadukkuwa'),
(478, 235, 'Galewela', 'Beligamuwa'),
(479, 240, 'Galewela', 'Medabedda South'),
(480, 245, 'Galewela', 'Wahakotte'),
(481, 250, 'Galewela', 'Galgodayaya'),
(482, 255, 'Galewela', 'Palapathwala'),
(483, 260, 'Galewela', 'Dembawa'),
(484, 265, 'Galewela', 'Elamalpotha'),
(485, 270, 'Galewela', 'Yatiwahara'),
(486, 275, 'Galewela', 'Lenawala'),
(487, 280, 'Galewela', 'Hewanewela'),
(488, 285, 'Galewela', 'Wegodapola'),
(489, 290, 'Galewela', 'Kendangamuwa'),
(490, 295, 'Galewela', 'Madipola'),
(491, 5, 'Dambulla', 'Siyambalawewa'),
(492, 10, 'Dambulla', 'Avudangawa'),
(493, 15, 'Dambulla', 'Gedigaswalana'),
(494, 20, 'Dambulla', 'Pidurangala'),
(495, 25, 'Dambulla', 'Thalkote'),
(496, 30, 'Dambulla', 'Digampathaha'),
(497, 35, 'Dambulla', 'Inamaluwa'),
(498, 40, 'Dambulla', 'Nagalawewa'),
(499, 45, 'Dambulla', 'Pothana'),
(500, 50, 'Dambulla', 'Kimbissa'),
(501, 55, 'Dambulla', 'Egodawewa'),
(502, 60, 'Dambulla', 'Palutawa'),
(503, 65, 'Dambulla', 'Sigiriya'),
(504, 70, 'Dambulla', 'Mailattawa'),
(505, 75, 'Dambulla', 'Polattawa'),
(506, 80, 'Dambulla', 'Nikawatawana'),
(507, 85, 'Dambulla', 'Kumbukkandanwala'),
(508, 90, 'Dambulla', 'Bellanneoya'),
(509, 95, 'Dambulla', 'Rathmalkatuwa'),
(510, 100, 'Dambulla', 'Welihena'),
(511, 105, 'Dambulla', 'Etawarahena'),
(512, 110, 'Dambulla', 'Pallegama'),
(513, 115, 'Dambulla', 'Bulagala'),
(514, 120, 'Dambulla', 'Pelwehera'),
(515, 125, 'Dambulla', 'Kandalama'),
(516, 130, 'Dambulla', 'Pahala Erevula'),
(517, 135, 'Dambulla', 'Ihala Erevula'),
(518, 140, 'Dambulla', 'Welangolla'),
(519, 145, 'Dambulla', 'Wewalawewa'),
(520, 150, 'Dambulla', 'Yakkuragala North'),
(521, 155, 'Dambulla', 'Vilhatha'),
(522, 160, 'Dambulla', 'Athuparayaya'),
(523, 165, 'Dambulla', 'Pahalawewa'),
(524, 170, 'Dambulla', 'Dambulla Town'),
(525, 175, 'Dambulla', 'Dambulugama'),
(526, 180, 'Dambulla', 'Haluapullanawewa'),
(527, 185, 'Dambulla', 'Pohoranwewa'),
(528, 190, 'Dambulla', 'Yapagama'),
(529, 195, 'Dambulla', 'Rathmalgaha-Ela'),
(530, 200, 'Dambulla', 'Yakkuragala South'),
(531, 205, 'Dambulla', 'Kalundewa Aluthgama'),
(532, 210, 'Dambulla', 'Angunawelpelessa'),
(533, 215, 'Dambulla', 'Kalogaha-Ela'),
(534, 220, 'Dambulla', 'Thittawelgolla'),
(535, 225, 'Dambulla', 'Moragollewa'),
(536, 230, 'Dambulla', 'Kapuwatta'),
(537, 235, 'Dambulla', 'Kiralagolla'),
(538, 240, 'Dambulla', 'Wavulambe'),
(539, 245, 'Dambulla', 'Embulambe'),
(540, 250, 'Dambulla', 'Puwakattawala'),
(541, 255, 'Dambulla', 'Kalundewa Paranagama'),
(542, 260, 'Dambulla', 'Walgamwewa'),
(543, 265, 'Dambulla', 'Kiralessa'),
(544, 270, 'Dambulla', 'Pannampitiya'),
(545, 275, 'Dambulla', 'Welamitiyawa'),
(546, 280, 'Dambulla', 'Ethabandiwewa'),
(547, 285, 'Dambulla', 'Lenadora North'),
(548, 290, 'Dambulla', 'Lenadora South'),
(549, 295, 'Dambulla', 'Nayakumbura'),
(550, 5, 'Naula', 'Ussattawa'),
(551, 10, 'Naula', 'Nikula'),
(552, 15, 'Naula', 'Serudandapola'),
(553, 20, 'Naula', 'Haduwa'),
(554, 25, 'Naula', 'Bambaragahawatta'),
(555, 30, 'Naula', 'Dambagolla'),
(556, 35, 'Naula', 'Helambagaha Watta'),
(557, 40, 'Naula', 'Pubbiliya'),
(558, 45, 'Naula', 'Maragamuwa'),
(559, 50, 'Naula', 'Haduwela'),
(560, 55, 'Naula', 'Dodamattawela'),
(561, 60, 'Naula', 'Karawila Hena'),
(562, 65, 'Naula', 'Boballa'),
(563, 70, 'Naula', 'Bibila'),
(564, 75, 'Naula', 'Murutholuwa'),
(565, 80, 'Naula', 'Mailpitiya'),
(566, 85, 'Naula', 'Wewattawa'),
(567, 90, 'Naula', 'Penalaboda'),
(568, 95, 'Naula', 'Naula'),
(569, 100, 'Naula', 'Meegaha Ela'),
(570, 105, 'Naula', 'Bowathenna Watta'),
(571, 110, 'Naula', 'Koombiyangaha Ela'),
(572, 115, 'Naula', 'Millagahamula Thenna'),
(573, 120, 'Naula', 'Koongahawela'),
(574, 125, 'Naula', 'Rajawela'),
(575, 130, 'Naula', 'Ganimayaya'),
(576, 135, 'Naula', 'Moragahamada'),
(577, 140, 'Naula', 'Pilihudugolla Pahalagama'),
(578, 145, 'Naula', 'Pilihudugolla Ihalagama'),
(579, 150, 'Naula', 'Arangala'),
(580, 155, 'Naula', 'Habaragahamada'),
(581, 160, 'Naula', 'Elhena'),
(582, 165, 'Naula', 'Deeyankaduwa'),
(583, 170, 'Naula', 'Alugolla'),
(584, 175, 'Naula', 'Nalanda'),
(585, 180, 'Naula', 'Wambatuyaya'),
(586, 185, 'Naula', 'Meegolla'),
(587, 190, 'Naula', 'Ududeniya'),
(588, 195, 'Naula', 'Hapugasyaya'),
(589, 200, 'Naula', 'Lihinipitiya'),
(590, 205, 'Naula', 'Senagama'),
(591, 210, 'Naula', 'Andawala'),
(592, 215, 'Naula', 'Opalgala'),
(593, 220, 'Naula', 'Ambana'),
(594, 225, 'Naula', 'Moragolla'),
(595, 230, 'Naula', 'Galboda'),
(596, 5, 'Pallepola', 'Janakagama'),
(597, 10, 'Pallepola', 'Nilannoruwa Janapathaya'),
(598, 15, 'Pallepola', 'Aluthgama'),
(599, 20, 'Pallepola', 'Demada Oya'),
(600, 25, 'Pallepola', 'Mananwatta'),
(601, 30, 'Pallepola', 'Nilannoruwa'),
(602, 35, 'Pallepola', 'Thalakiriyawa'),
(603, 40, 'Pallepola', 'Kirioruwa'),
(604, 45, 'Pallepola', 'Kosgolla'),
(605, 50, 'Pallepola', 'Nagahapola'),
(606, 55, 'Pallepola', 'Bomeruwa'),
(607, 60, 'Pallepola', 'Kobbewehera'),
(608, 65, 'Pallepola', 'Millawana Pahalagama'),
(609, 70, 'Pallepola', 'Millawana Medhagama'),
(610, 75, 'Pallepola', 'Kandewatta'),
(611, 80, 'Pallepola', 'Mahayayawatta'),
(612, 85, 'Pallepola', 'Medalanda'),
(613, 90, 'Pallepola', 'Walmoruwa'),
(614, 95, 'Pallepola', 'Moragaspitiya'),
(615, 100, 'Pallepola', 'Akuramboda'),
(616, 105, 'Pallepola', 'Dewarammulla'),
(617, 110, 'Pallepola', 'Millawana Ihalagama'),
(618, 115, 'Pallepola', 'Ambokka'),
(619, 120, 'Pallepola', 'Maningamuwa West'),
(620, 125, 'Pallepola', 'Maningamuwa East'),
(621, 130, 'Pallepola', 'Koswatta'),
(622, 135, 'Pallepola', 'Ekamuthugama'),
(623, 140, 'Pallepola', 'Ambokudena'),
(624, 145, 'Pallepola', 'Koholanwela'),
(625, 150, 'Pallepola', 'Udurampelassa'),
(626, 155, 'Pallepola', 'Ehelepola'),
(627, 160, 'Pallepola', 'Pallepola North'),
(628, 165, 'Pallepola', 'Monaruwila'),
(629, 170, 'Pallepola', 'Galahitiyagama'),
(630, 175, 'Pallepola', 'Rusigama Ihalagama'),
(631, 180, 'Pallepola', 'Rusigama Pahalagama'),
(632, 185, 'Pallepola', 'Pallepola South'),
(633, 190, 'Pallepola', 'Kinigama'),
(634, 195, 'Pallepola', 'Paldeniya'),
(635, 200, 'Pallepola', 'Dodamgasyaya'),
(636, 205, 'Pallepola', 'Ariyagama'),
(637, 210, 'Pallepola', 'Polwatta'),
(638, 215, 'Pallepola', 'Thembilideniya North'),
(639, 220, 'Pallepola', 'Dimbulgamuwa'),
(640, 5, 'Yatawatta', 'Udagama West'),
(641, 10, 'Yatawatta', 'Selagama'),
(642, 15, 'Yatawatta', 'Selagama East'),
(643, 20, 'Yatawatta', 'Thembilideniya'),
(644, 25, 'Yatawatta', 'North Matale'),
(645, 30, 'Yatawatta', 'Kawudupelella'),
(646, 35, 'Yatawatta', 'Mahawela'),
(647, 40, 'Yatawatta', 'Mahawela West'),
(648, 45, 'Yatawatta', 'Delgolla'),
(649, 50, 'Yatawatta', 'Galagama'),
(650, 55, 'Yatawatta', 'Nagolla'),
(651, 60, 'Yatawatta', 'Udagama'),
(652, 65, 'Yatawatta', 'Urulewatta'),
(653, 70, 'Yatawatta', 'Yatawatta'),
(654, 75, 'Yatawatta', 'Mediyapola'),
(655, 80, 'Yatawatta', 'Nikagolla'),
(656, 85, 'Yatawatta', 'Nikagolla North'),
(657, 90, 'Yatawatta', 'Dikkumbura West'),
(658, 95, 'Yatawatta', 'Rathalawewa'),
(659, 100, 'Yatawatta', 'Dikkumbura'),
(660, 105, 'Yatawatta', 'Wattegedara'),
(661, 110, 'Yatawatta', 'Galaliyadda'),
(662, 115, 'Yatawatta', 'Muruthawatta'),
(663, 120, 'Yatawatta', 'Deevilla South'),
(664, 125, 'Yatawatta', 'Deevilla'),
(665, 130, 'Yatawatta', 'Dungan Place'),
(666, 135, 'Yatawatta', 'Alokagama'),
(667, 140, 'Yatawatta', 'Walpola'),
(668, 145, 'Yatawatta', 'Maligathenna'),
(669, 150, 'Yatawatta', 'Aluthwatta'),
(670, 155, 'Yatawatta', 'Ambanpola'),
(671, 160, 'Yatawatta', 'Lakshahena'),
(672, 165, 'Yatawatta', 'Deevilla North'),
(673, 170, 'Yatawatta', 'Gammulla'),
(674, 175, 'Yatawatta', 'Mottuwela'),
(675, 180, 'Yatawatta', 'Idangama'),
(676, 185, 'Yatawatta', 'Udasgiriya'),
(677, 190, 'Yatawatta', 'Ethipallawala'),
(678, 195, 'Yatawatta', 'Aluthgama North'),
(679, 200, 'Yatawatta', 'Aluthgama'),
(680, 205, 'Yatawatta', 'Pamunuwa'),
(681, 210, 'Yatawatta', 'Walawela'),
(682, 215, 'Yatawatta', 'Unaweruwa'),
(683, 220, 'Yatawatta', 'Madadeniya'),
(684, 225, 'Yatawatta', 'Mathalapitiya'),
(685, 230, 'Yatawatta', 'Mathalapitiya South'),
(686, 235, 'Yatawatta', 'Rathninda'),
(687, 240, 'Yatawatta', 'Asgiri Dorakumbura'),
(688, 245, 'Yatawatta', 'Asgiri Dorakumbura East'),
(689, 250, 'Yatawatta', 'Polwatta'),
(690, 255, 'Yatawatta', 'Dullewa'),
(691, 260, 'Yatawatta', 'Dullewa East'),
(692, 265, 'Yatawatta', 'Thalgahagoda'),
(693, 270, 'Yatawatta', 'Daluwela'),
(694, 275, 'Yatawatta', 'Ethipola'),
(695, 280, 'Yatawatta', 'Ethipola West'),
(696, 5, 'Matale', 'Narangamuwa'),
(697, 10, 'Matale', 'Madawala Ulpatha'),
(698, 15, 'Matale', 'Thalagasyaya'),
(699, 20, 'Matale', 'Madawala'),
(700, 25, 'Matale', 'Rajjammana'),
(701, 30, 'Matale', 'Moragahamada'),
(702, 35, 'Matale', 'Hathamunagala'),
(703, 40, 'Matale', 'Ankanda'),
(704, 45, 'Matale', 'Puwakpitiya'),
(705, 50, 'Matale', 'Walliwela'),
(706, 55, 'Matale', 'Galwadukumbura'),
(707, 60, 'Matale', 'Dombawela'),
(708, 65, 'Matale', 'Kawatayamuna'),
(709, 70, 'Matale', 'Eriyagolla'),
(710, 75, 'Matale', 'Imbulandanda'),
(711, 80, 'Matale', 'Golahenwatta'),
(712, 85, 'Matale', 'Parana Dombawela'),
(713, 90, 'Matale', 'Ellepola'),
(714, 95, 'Matale', 'Palapathwela'),
(715, 100, 'Matale', 'Kottagoda'),
(716, 105, 'Matale', 'Owalapolwatta'),
(717, 110, 'Matale', 'Mekulgaharuppa'),
(718, 115, 'Matale', 'Udugama'),
(719, 120, 'Matale', 'Kirigalpotta'),
(720, 125, 'Matale', 'Dunkalawatta'),
(721, 130, 'Matale', 'Dorakumbura'),
(722, 135, 'Matale', 'Beeridewala'),
(723, 140, 'Matale', 'Aluvihare'),
(724, 145, 'Matale', 'Dikkiriya'),
(725, 150, 'Matale', 'Parawatta'),
(726, 155, 'Matale', 'Kaludewala'),
(727, 160, 'Matale', 'Mandandawala'),
(728, 165, 'Matale', 'Bogahakotuwa'),
(729, 170, 'Matale', 'Harasgama'),
(730, 175, 'Matale', 'Kandegedara'),
(731, 180, 'Matale', 'Malwatta'),
(732, 185, 'Matale', 'Vihara Road'),
(733, 190, 'Matale', 'Muslim Town'),
(734, 195, 'Matale', 'Oya Pahala'),
(735, 200, 'Matale', 'Gongawala'),
(736, 205, 'Matale', 'Sinhala Town'),
(737, 210, 'Matale', 'Dodamdeniya'),
(738, 215, 'Matale', 'Hulangamuwa South'),
(739, 220, 'Matale', 'Hulangamuwa North'),
(740, 225, 'Matale', 'Diyabubula'),
(741, 230, 'Matale', 'Maligatenna'),
(742, 235, 'Matale', 'Nagolla'),
(743, 240, 'Matale', 'Pandivita'),
(744, 245, 'Matale', 'Pandivita Welagama'),
(745, 250, 'Matale', 'Kotuwegedara North'),
(746, 255, 'Matale', 'Koombiyangoda'),
(747, 260, 'Matale', 'Kotuwegedara South'),
(748, 5, 'Ambanganga Korale', 'Kumbaloluwa'),
(749, 10, 'Ambanganga Korale', 'Gammaduwa'),
(750, 15, 'Ambanganga Korale', 'Kalugalthenna'),
(751, 20, 'Ambanganga Korale', 'Naguliyadda'),
(752, 25, 'Ambanganga Korale', 'Kosgolla'),
(753, 30, 'Ambanganga Korale', 'Imbulgolla'),
(754, 35, 'Ambanganga Korale', 'Ranmuthugama'),
(755, 40, 'Ambanganga Korale', 'Raithalawa'),
(756, 45, 'Ambanganga Korale', 'Tibbatukanatha'),
(757, 50, 'Ambanganga Korale', 'Palle Aswedduma'),
(758, 55, 'Ambanganga Korale', 'Pallethenna'),
(759, 60, 'Ambanganga Korale', 'Pussella'),
(760, 65, 'Ambanganga Korale', 'Sirangahawatta'),
(761, 70, 'Ambanganga Korale', 'Kaudagammana'),
(762, 75, 'Ambanganga Korale', 'Narangolla'),
(763, 80, 'Ambanganga Korale', 'Hunukete'),
(764, 85, 'Ambanganga Korale', 'Metihakka'),
(765, 90, 'Ambanganga Korale', 'Aluthwela'),
(766, 95, 'Ambanganga Korale', 'Cloda'),
(767, 100, 'Ambanganga Korale', 'Gurubabila'),
(768, 5, 'Laggala-Pallegama', 'Maoya'),
(769, 10, 'Laggala-Pallegama', 'Kandepitawala'),
(770, 15, 'Laggala-Pallegama', 'Dewaladeniya'),
(771, 20, 'Laggala-Pallegama', 'Kaluganga'),
(772, 25, 'Laggala-Pallegama', 'Akarahediya'),
(773, 30, 'Laggala-Pallegama', 'Hattota Amuna'),
(774, 35, 'Laggala-Pallegama', 'Dasgiriya'),
(775, 40, 'Laggala-Pallegama', 'Morathenna'),
(776, 45, 'Laggala-Pallegama', 'Wellewala'),
(777, 50, 'Laggala-Pallegama', 'Weliwaranagolla'),
(778, 55, 'Laggala-Pallegama', 'Leloya'),
(779, 60, 'Laggala-Pallegama', 'Pottatawela'),
(780, 65, 'Laggala-Pallegama', 'Dammanthenna'),
(781, 70, 'Laggala-Pallegama', 'Gangalapuwakpitiya'),
(782, 75, 'Laggala-Pallegama', 'Divulgaspathana'),
(783, 80, 'Laggala-Pallegama', 'Pitawala'),
(784, 85, 'Laggala-Pallegama', 'Kahagala'),
(785, 90, 'Laggala-Pallegama', 'Ilukkumbura'),
(786, 95, 'Laggala-Pallegama', 'Mahalakotuwa'),
(787, 100, 'Laggala-Pallegama', 'Ganga Henwala'),
(788, 105, 'Laggala-Pallegama', 'Karandamulla'),
(789, 110, 'Laggala-Pallegama', 'Gonawala'),
(790, 115, 'Laggala-Pallegama', 'Laggala Pallegama'),
(791, 120, 'Laggala-Pallegama', 'Miniranketiya'),
(792, 125, 'Laggala-Pallegama', 'Rawanagama'),
(793, 130, 'Laggala-Pallegama', 'Galgedawala'),
(794, 135, 'Laggala-Pallegama', 'Guruwela'),
(795, 140, 'Laggala-Pallegama', 'Kivulewadiya'),
(796, 145, 'Laggala-Pallegama', 'Halminiya'),
(797, 150, 'Laggala-Pallegama', 'Imaduwa'),
(798, 155, 'Laggala-Pallegama', 'Rambukoluwa'),
(799, 160, 'Laggala-Pallegama', 'Meda Ela'),
(800, 165, 'Laggala-Pallegama', 'Rathninda'),
(801, 170, 'Laggala-Pallegama', 'Etanwala'),
(802, 175, 'Laggala-Pallegama', 'Ranamuregama'),
(803, 180, 'Laggala-Pallegama', 'Narangamuwa'),
(804, 185, 'Laggala-Pallegama', 'Lakegala'),
(805, 5, 'Wilgamuwa', 'Kumbukoya'),
(806, 10, 'Wilgamuwa', 'Thunhiriyawewa'),
(807, 15, 'Wilgamuwa', 'Palupitiya'),
(808, 20, 'Wilgamuwa', 'Rattotayaya'),
(809, 25, 'Wilgamuwa', 'Dunuvilapitiya'),
(810, 30, 'Wilgamuwa', 'Medakanda'),
(811, 35, 'Wilgamuwa', 'Aliwanguwa'),
(812, 40, 'Wilgamuwa', 'Viharagama'),
(813, 45, 'Wilgamuwa', 'Handungamuwa'),
(814, 50, 'Wilgamuwa', 'Topwalapitiya'),
(815, 55, 'Wilgamuwa', 'Gemburuoya'),
(816, 60, 'Wilgamuwa', 'Kumbukandana'),
(817, 65, 'Wilgamuwa', 'Lediyangala'),
(818, 70, 'Wilgamuwa', 'Karawgahawewa'),
(819, 75, 'Wilgamuwa', 'Radunnewewa'),
(820, 80, 'Wilgamuwa', 'Maraka'),
(821, 85, 'Wilgamuwa', 'Malgammana'),
(822, 90, 'Wilgamuwa', 'Bogahawewa'),
(823, 95, 'Wilgamuwa', 'Aliyawala'),
(824, 100, 'Wilgamuwa', 'Weheragala'),
(825, 105, 'Wilgamuwa', 'Himbiliyakada'),
(826, 110, 'Wilgamuwa', 'Hettipola'),
(827, 115, 'Wilgamuwa', 'Naminioya'),
(828, 120, 'Wilgamuwa', 'Dewagiriya'),
(829, 125, 'Wilgamuwa', 'Piduruella'),
(830, 130, 'Wilgamuwa', 'Guruwelayaya'),
(831, 135, 'Wilgamuwa', 'Naminigama'),
(832, 140, 'Wilgamuwa', 'Perakanatta'),
(833, 145, 'Wilgamuwa', 'Wilgamuwa'),
(834, 150, 'Wilgamuwa', 'Wanarawa'),
(835, 155, 'Wilgamuwa', 'Bathgampala'),
(836, 160, 'Wilgamuwa', 'Nagolla'),
(837, 165, 'Wilgamuwa', 'Moragaha Ulpatha'),
(838, 170, 'Wilgamuwa', 'Nugagolla'),
(839, 175, 'Wilgamuwa', 'Meewaobe'),
(840, 180, 'Wilgamuwa', '80 Yaya'),
(841, 185, 'Wilgamuwa', 'Sonutta'),
(842, 190, 'Wilgamuwa', 'Uduwelwala'),
(843, 195, 'Wilgamuwa', 'Sulugune'),
(844, 5, 'Rattota', 'Ikirigolla'),
(845, 10, 'Rattota', 'Pahala Owala'),
(846, 15, 'Rattota', 'Ihala Owala'),
(847, 20, 'Rattota', 'Kaikawala'),
(848, 25, 'Rattota', 'Nikawella'),
(849, 30, 'Rattota', 'Kuruwawa'),
(850, 35, 'Rattota', 'Rattota'),
(851, 40, 'Rattota', 'Bodhikotuwa'),
(852, 45, 'Rattota', 'Dankanda'),
(853, 50, 'Rattota', 'Kirimetiyawe'),
(854, 55, 'Rattota', 'Polwattakanda'),
(855, 60, 'Rattota', 'Dambagolla'),
(856, 65, 'Rattota', 'Medawetta'),
(857, 70, 'Rattota', 'Weralugasthenna'),
(858, 75, 'Rattota', 'Madakumbura'),
(859, 80, 'Rattota', 'Maussagolla'),
(860, 85, 'Rattota', 'Wanaraniya'),
(861, 90, 'Rattota', 'Lonvil'),
(862, 95, 'Rattota', 'Maradurawala'),
(863, 100, 'Rattota', 'Pallegama'),
(864, 105, 'Rattota', 'Koswana  North'),
(865, 110, 'Rattota', 'Palle Weragama'),
(866, 115, 'Rattota', 'Viharagama'),
(867, 120, 'Rattota', 'Kaineka'),
(868, 125, 'Rattota', 'Uda Weragama'),
(869, 130, 'Rattota', 'Meda Weragama'),
(870, 135, 'Rattota', 'Koswana South'),
(871, 140, 'Rattota', 'Bogambara'),
(872, 145, 'Rattota', 'Galekoluwa'),
(873, 150, 'Rattota', 'Welangahawatta'),
(874, 155, 'Rattota', 'Horagolla'),
(875, 160, 'Rattota', 'Bambarakiriella'),
(876, 165, 'Rattota', 'Alakolamada'),
(877, 170, 'Rattota', 'Udagama'),
(878, 175, 'Rattota', 'Pitakanda'),
(879, 180, 'Rattota', 'Gansarapola'),
(880, 185, 'Rattota', 'Epitamulla'),
(881, 190, 'Rattota', 'Wetasyaya'),
(882, 195, 'Rattota', 'Godapola'),
(883, 200, 'Rattota', 'Ulpathapitiya'),
(884, 205, 'Rattota', 'Bandarapola'),
(885, 210, 'Rattota', 'Muwandeniya'),
(886, 215, 'Rattota', 'Palleyaya'),
(887, 220, 'Rattota', 'Neluwakanda'),
(888, 225, 'Rattota', 'Punchiseluwakanda'),
(889, 230, 'Rattota', 'Thambalegala'),
(890, 235, 'Rattota', 'Kandenuwara West'),
(891, 240, 'Rattota', 'Kandenuwara East'),
(892, 245, 'Rattota', 'Alwatta'),
(893, 250, 'Rattota', 'Warapitiya'),
(894, 255, 'Rattota', 'Dombagoda'),
(895, 260, 'Rattota', 'Pahala Hapuvida'),
(896, 265, 'Rattota', 'Uda Hapuvida'),
(897, 270, 'Rattota', 'Hangarankanda'),
(898, 5, 'Ukuwela', 'Galaudahena'),
(899, 10, 'Ukuwela', 'Makulemada'),
(900, 15, 'Ukuwela', 'Pathingolla'),
(901, 20, 'Ukuwela', 'Wademada'),
(902, 25, 'Ukuwela', 'Wattegedara'),
(903, 30, 'Ukuwela', 'Watagoda'),
(904, 35, 'Ukuwela', 'Pallekumbura'),
(905, 40, 'Ukuwela', 'Katuattamada'),
(906, 45, 'Ukuwela', 'Panwatta'),
(907, 50, 'Ukuwela', 'Alawathuwala'),
(908, 55, 'Ukuwela', 'Horagahapitiya'),
(909, 60, 'Ukuwela', 'Ovilikanda'),
(910, 65, 'Ukuwela', 'Kirimatiyawa'),
(911, 70, 'Ukuwela', 'Thanna'),
(912, 75, 'Ukuwela', 'Muwagala'),
(913, 80, 'Ukuwela', 'Ovilla'),
(914, 85, 'Ukuwela', 'Enasalmada'),
(915, 90, 'Ukuwela', 'Thibbatuwawa'),
(916, 95, 'Ukuwela', 'Dombagasdeniya'),
(917, 100, 'Ukuwela', 'Kandagolla'),
(918, 105, 'Ukuwela', 'Kohombiliwela'),
(919, 110, 'Ukuwela', 'Wariyapola Watta'),
(920, 115, 'Ukuwela', 'Wariyapola'),
(921, 120, 'Ukuwela', 'Pananthadiya'),
(922, 125, 'Ukuwela', 'Nawarathnagoda'),
(923, 130, 'Ukuwela', 'Eriyagolla'),
(924, 135, 'Ukuwela', 'Katudeniya'),
(925, 140, 'Ukuwela', 'Elwala'),
(926, 145, 'Ukuwela', 'Pahalawela'),
(927, 150, 'Ukuwela', 'Dehipitiya'),
(928, 155, 'Ukuwela', 'Purijjala'),
(929, 160, 'Ukuwela', 'Udupihilla'),
(930, 165, 'Ukuwela', 'Halangoda'),
(931, 170, 'Ukuwela', 'Nagahatenna'),
(932, 175, 'Ukuwela', 'Warakamura'),
(933, 180, 'Ukuwela', 'Meedeniya'),
(934, 185, 'Ukuwela', 'Nagolla'),
(935, 190, 'Ukuwela', 'Thawalankoya'),
(936, 195, 'Ukuwela', 'Dumbukola'),
(937, 200, 'Ukuwela', 'Ukuwela'),
(938, 205, 'Ukuwela', 'Udupitiya'),
(939, 210, 'Ukuwela', 'Kalalpitiya'),
(940, 215, 'Ukuwela', 'Balakaduwa'),
(941, 220, 'Ukuwela', 'Bowatta'),
(942, 225, 'Ukuwela', 'Manaboda'),
(943, 230, 'Ukuwela', 'Paragahawela'),
(944, 235, 'Ukuwela', 'Udathenna'),
(945, 240, 'Ukuwela', 'Hunuketawala'),
(946, 245, 'Ukuwela', 'Leliambe'),
(947, 250, 'Ukuwela', 'Elkaduwa Watta'),
(948, 255, 'Ukuwela', 'Elkaduwa'),
(949, 260, 'Ukuwela', 'Udangamuwa'),
(950, 265, 'Ukuwela', 'Kendagollamada'),
(951, 270, 'Ukuwela', 'Wehigala'),
(952, 275, 'Ukuwela', 'Rathwatta'),
(953, 280, 'Ukuwela', 'Weligala'),
(954, 285, 'Ukuwela', 'Kuriwela'),
(955, 290, 'Ukuwela', 'Maberiya'),
(956, 295, 'Ukuwela', 'Marukona'),
(957, 300, 'Ukuwela', 'Gurulawela South'),
(958, 305, 'Ukuwela', 'Gurulawela North'),
(959, 310, 'Ukuwela', 'Nugapitiya'),
(960, 315, 'Ukuwela', 'Kandemada'),
(961, 320, 'Ukuwela', 'Ulpathapitiya'),
(962, 325, 'Ukuwela', 'Raithalawela'),
(963, 330, 'Ukuwela', 'Kaduwela'),
(964, 335, 'Ukuwela', 'Poojagoda'),
(965, 340, 'Ukuwela', 'Pahala Wehigala'),
(966, 345, 'Ukuwela', 'Thalingamada'),
(967, 350, 'Ukuwela', 'Hunnasgiriyawatta'),
(968, 355, 'Ukuwela', 'Karagahahinna'),
(969, 360, 'Ukuwela', 'Imbulpitiya'),
(970, 365, 'Ukuwela', 'Rangama'),
(971, 5, 'Thumpane', 'Meegahahena South'),
(972, 10, 'Thumpane', 'Meegahahena'),
(973, 15, 'Thumpane', 'Galabawa'),
(974, 20, 'Thumpane', 'Kobbegala'),
(975, 25, 'Thumpane', 'Ambagahahena'),
(976, 30, 'Thumpane', 'Rockhill'),
(977, 35, 'Thumpane', 'Akkarawatta'),
(978, 40, 'Thumpane', 'Bonakot'),
(979, 45, 'Thumpane', 'Haddapitiya'),
(980, 50, 'Thumpane', 'Delgasyaya'),
(981, 55, 'Thumpane', 'Gallenawatta'),
(982, 60, 'Thumpane', 'Kandanhena East'),
(983, 65, 'Thumpane', 'Namalthenna'),
(984, 70, 'Thumpane', 'Alawattegama'),
(985, 75, 'Thumpane', 'Kumburegama'),
(986, 80, 'Thumpane', 'Ban Anga'),
(987, 85, 'Thumpane', 'Ethamulla'),
(988, 90, 'Thumpane', 'Palukopiwatta'),
(989, 95, 'Thumpane', 'Damunugasthenna'),
(990, 100, 'Thumpane', 'Galagedara West'),
(991, 105, 'Thumpane', 'Udapitiya'),
(992, 110, 'Thumpane', 'Galagedara Madige south'),
(993, 115, 'Thumpane', 'Galagedara'),
(994, 120, 'Thumpane', 'Galagedara Madige'),
(995, 125, 'Thumpane', 'Pethigewela'),
(996, 130, 'Thumpane', 'Udalagama'),
(997, 135, 'Thumpane', 'Gunadaha'),
(998, 140, 'Thumpane', 'Medagoda Pahala'),
(999, 145, 'Thumpane', 'Opalla'),
(1000, 150, 'Thumpane', 'Gangodapitiya'),
(1001, 155, 'Thumpane', 'Pubbiliya'),
(1002, 160, 'Thumpane', 'Kannadeniya'),
(1003, 165, 'Thumpane', 'Barandara'),
(1004, 170, 'Thumpane', 'Kaluwana'),
(1005, 175, 'Thumpane', 'Kinigama'),
(1006, 180, 'Thumpane', 'Kinigama East'),
(1007, 185, 'Thumpane', 'Poththila'),
(1008, 190, 'Thumpane', 'Uduwa'),
(1009, 195, 'Thumpane', 'Medagoda Ihala'),
(1010, 200, 'Thumpane', 'Naranwala'),
(1011, 205, 'Thumpane', 'Hikgodawalpola'),
(1012, 210, 'Thumpane', 'Paranagama'),
(1013, 215, 'Thumpane', 'Weththewa'),
(1014, 220, 'Thumpane', 'Pavulpawa'),
(1015, 225, 'Thumpane', 'Kirindiwelpola'),
(1016, 230, 'Thumpane', 'Kuragama North'),
(1017, 235, 'Thumpane', 'Nikathenna'),
(1018, 240, 'Thumpane', 'Etambegoda'),
(1019, 245, 'Thumpane', 'Thahalpitiya'),
(1020, 250, 'Thumpane', 'Dehideniya'),
(1021, 255, 'Thumpane', 'Kandekumbura'),
(1022, 260, 'Thumpane', 'Diyapalagoda'),
(1023, 265, 'Thumpane', 'Niyangoda'),
(1024, 270, 'Thumpane', 'Niyambepola'),
(1025, 275, 'Thumpane', 'Henegama Palkumbura'),
(1026, 280, 'Thumpane', 'Idamegama'),
(1027, 285, 'Thumpane', 'Marawanagoda'),
(1028, 290, 'Thumpane', 'Adungama Palkumbura'),
(1029, 295, 'Thumpane', 'Kuragama'),
(1030, 300, 'Thumpane', 'Udahenepola'),
(1031, 305, 'Thumpane', 'Poholiyadda'),
(1032, 310, 'Thumpane', 'Hiyadala'),
(1033, 315, 'Thumpane', 'Pallekotuwa'),
(1034, 320, 'Thumpane', 'Hiyadala Walpola'),
(1035, 325, 'Thumpane', 'Minigamuwa'),
(1036, 330, 'Thumpane', 'Minigamuwa Ihala'),
(1037, 335, 'Thumpane', 'Thennewela'),
(1038, 5, 'Poojapitiya', 'Egodamulla North'),
(1039, 10, 'Poojapitiya', 'Ihalamulla'),
(1040, 15, 'Poojapitiya', 'Dehiwatta'),
(1041, 20, 'Poojapitiya', 'Egodamulla South'),
(1042, 25, 'Poojapitiya', 'Pahala Kithulgolla'),
(1043, 30, 'Poojapitiya', 'Alawatta'),
(1044, 35, 'Poojapitiya', 'Uda Kithulgolla'),
(1045, 40, 'Poojapitiya', 'Ankumbura South'),
(1046, 45, 'Poojapitiya', 'Ankumbura North'),
(1047, 50, 'Poojapitiya', 'Uggala Janapadaya'),
(1048, 55, 'Poojapitiya', 'Pahala Pallegama'),
(1049, 60, 'Poojapitiya', 'Welgala'),
(1050, 65, 'Poojapitiya', 'Ankumbura Udagama'),
(1051, 70, 'Poojapitiya', 'Kovila muduna'),
(1052, 75, 'Poojapitiya', 'Galhinna'),
(1053, 80, 'Poojapitiya', 'Galkanda'),
(1054, 85, 'Poojapitiya', 'Palliya Kotuwa'),
(1055, 90, 'Poojapitiya', 'Batagolladeniya'),
(1056, 95, 'Poojapitiya', 'Watagalathenna'),
(1057, 100, 'Poojapitiya', 'Morankanda'),
(1058, 105, 'Poojapitiya', 'Wewala North'),
(1059, 110, 'Poojapitiya', 'Udahena'),
(1060, 115, 'Poojapitiya', 'Siyapathgama'),
(1061, 120, 'Poojapitiya', 'Pathirada'),
(1062, 125, 'Poojapitiya', 'Udahigulwala'),
(1063, 130, 'Poojapitiya', 'Pahala Hingulwala'),
(1064, 135, 'Poojapitiya', 'Rambukewala'),
(1065, 140, 'Poojapitiya', 'Godahena'),
(1066, 145, 'Poojapitiya', 'Kahatagasthenna'),
(1067, 150, 'Poojapitiya', 'Watagoda'),
(1068, 155, 'Poojapitiya', 'Dolapihilla North'),
(1069, 160, 'Poojapitiya', 'Dolapihilla South'),
(1070, 165, 'Poojapitiya', 'Weligalla'),
(1071, 170, 'Poojapitiya', 'Wewala'),
(1072, 175, 'Poojapitiya', 'Bokkawala'),
(1073, 180, 'Poojapitiya', 'Harankahawa'),
(1074, 185, 'Poojapitiya', 'Henegama'),
(1075, 190, 'Poojapitiya', 'Molagoda'),
(1076, 195, 'Poojapitiya', 'Waldeniya'),
(1077, 200, 'Poojapitiya', 'Medagoda'),
(1078, 205, 'Poojapitiya', 'Diddeniya'),
(1079, 210, 'Poojapitiya', 'Ovissa North'),
(1080, 215, 'Poojapitiya', 'Ovissa South'),
(1081, 220, 'Poojapitiya', 'Kiralagama'),
(1082, 225, 'Poojapitiya', 'Palipana'),
(1083, 230, 'Poojapitiya', 'Dombagammana'),
(1084, 235, 'Poojapitiya', 'Ukgahakumbura'),
(1085, 240, 'Poojapitiya', 'Marathugoda North'),
(1086, 245, 'Poojapitiya', 'Marathugoda South'),
(1087, 250, 'Poojapitiya', 'Ambaruppa'),
(1088, 255, 'Poojapitiya', 'Gallella'),
(1089, 260, 'Poojapitiya', 'Maruddana'),
(1090, 265, 'Poojapitiya', 'Alagoda'),
(1091, 270, 'Poojapitiya', 'Madadeniya'),
(1092, 275, 'Poojapitiya', 'Warakadeniya'),
(1093, 280, 'Poojapitiya', 'Batagalla North'),
(1094, 285, 'Poojapitiya', 'Bamunupola'),
(1095, 290, 'Poojapitiya', 'Batugoda North'),
(1096, 295, 'Poojapitiya', 'Batagalla South'),
(1097, 300, 'Poojapitiya', 'Batugoda South'),
(1098, 305, 'Poojapitiya', 'Diwanawatta'),
(1099, 310, 'Poojapitiya', 'Mullegama North'),
(1100, 315, 'Poojapitiya', 'Kahawatta North'),
(1101, 320, 'Poojapitiya', 'Kahawatta South'),
(1102, 325, 'Poojapitiya', 'Mullegama South'),
(1103, 330, 'Poojapitiya', 'Kaluwana South'),
(1104, 335, 'Poojapitiya', 'Kaluwana North'),
(1105, 5, 'Akurana', 'Rambuke Ela'),
(1106, 10, 'Akurana', 'Vilana Udagama'),
(1107, 15, 'Akurana', 'Vilana Pallegama'),
(1108, 20, 'Akurana', 'Walahena'),
(1109, 25, 'Akurana', 'Alawathugoda'),
(1110, 30, 'Akurana', 'Balakaduwa'),
(1111, 35, 'Akurana', 'Mawathupola'),
(1112, 40, 'Akurana', 'Arambepola'),
(1113, 45, 'Akurana', 'Delgasgoda'),
(1114, 50, 'Akurana', 'Dippitiya'),
(1115, 55, 'Akurana', 'Malwanahinna'),
(1116, 60, 'Akurana', 'Konakalagala'),
(1117, 65, 'Akurana', 'Malgamandeniya'),
(1118, 70, 'Akurana', 'Rathkoho'),
(1119, 75, 'Akurana', 'Marahela'),
(1120, 80, 'Akurana', 'Hureegolla'),
(1121, 85, 'Akurana', 'Neeralla'),
(1122, 90, 'Akurana', 'Melchena'),
(1123, 95, 'Akurana', 'Bulugohothanna'),
(1124, 100, 'Akurana', 'Kasawatta'),
(1125, 105, 'Akurana', 'Udaweliketiya'),
(1126, 110, 'Akurana', 'Pallewelikatiya'),
(1127, 115, 'Akurana', 'Dodangolla'),
(1128, 120, 'Akurana', 'Akurana'),
(1129, 125, 'Akurana', 'Delgasthenne'),
(1130, 130, 'Akurana', 'Kurugoda'),
(1131, 135, 'Akurana', 'Deegala'),
(1132, 140, 'Akurana', 'Pangollamada'),
(1133, 145, 'Akurana', 'Dunuvila North'),
(1134, 150, 'Akurana', 'Dunuvila South'),
(1135, 155, 'Akurana', 'Palledeegala'),
(1136, 160, 'Akurana', 'Telambugahawatta Gama'),
(1137, 165, 'Akurana', 'Waragashinna'),
(1138, 170, 'Akurana', 'Kurudugahaela'),
(1139, 175, 'Akurana', 'Uggala'),
(1140, 5, 'Pathadumbara', 'Yatawara'),
(1141, 10, 'Pathadumbara', 'Yatawara Kandagama'),
(1142, 15, 'Pathadumbara', 'Ihala Yatawara'),
(1143, 20, 'Pathadumbara', 'Udurawana'),
(1144, 25, 'Pathadumbara', 'Doragamuwa'),
(1145, 30, 'Pathadumbara', 'Bogahakumbura'),
(1146, 35, 'Pathadumbara', 'Deegahawathura'),
(1147, 40, 'Pathadumbara', 'Mahakumbura'),
(1148, 45, 'Pathadumbara', 'Mandandawela'),
(1149, 50, 'Pathadumbara', 'Paranagama'),
(1150, 55, 'Pathadumbara', 'Aluthgama'),
(1151, 60, 'Pathadumbara', 'Walpaladeniya'),
(1152, 65, 'Pathadumbara', 'Puwakgahadeniya'),
(1153, 70, 'Pathadumbara', 'Wattegama'),
(1154, 75, 'Pathadumbara', 'Wattegama North'),
(1155, 80, 'Pathadumbara', 'Gunembill'),
(1156, 85, 'Pathadumbara', 'Eriyagasthenna'),
(1157, 90, 'Pathadumbara', 'Pitiyegedara'),
(1158, 95, 'Pathadumbara', 'Yatirawana'),
(1159, 100, 'Pathadumbara', 'Meegammana'),
(1160, 105, 'Pathadumbara', 'Meegammana West'),
(1161, 110, 'Pathadumbara', 'Galadeniya'),
(1162, 115, 'Pathadumbara', 'Udathalavinna'),
(1163, 120, 'Pathadumbara', 'Pallethalavinna Ihala'),
(1164, 125, 'Pathadumbara', 'Moonamale'),
(1165, 130, 'Pathadumbara', 'Kendaliyadda'),
(1166, 135, 'Pathadumbara', 'Girakaduwa'),
(1167, 140, 'Pathadumbara', 'Ambathanna'),
(1168, 145, 'Pathadumbara', 'Molagodayawatta'),
(1169, 150, 'Pathadumbara', 'Megodagama'),
(1170, 155, 'Pathadumbara', 'Egodagama'),
(1171, 160, 'Pathadumbara', 'Millanga'),
(1172, 165, 'Pathadumbara', 'Pallethalavinna'),
(1173, 170, 'Pathadumbara', 'Udathalavinna Madige'),
(1174, 175, 'Pathadumbara', 'Meegamawatta'),
(1175, 180, 'Pathadumbara', 'Madawala Madige'),
(1176, 185, 'Pathadumbara', 'Madawala'),
(1177, 190, 'Pathadumbara', 'Walala'),
(1178, 195, 'Pathadumbara', 'Ketakahala'),
(1179, 200, 'Pathadumbara', 'Thalkotuwa'),
(1180, 205, 'Pathadumbara', 'Napana'),
(1181, 210, 'Pathadumbara', 'Leemagahadeniya'),
(1182, 215, 'Pathadumbara', 'Pihilladeniya'),
(1183, 220, 'Pathadumbara', 'Gunnepana Madige'),
(1184, 225, 'Pathadumbara', 'Polgolla'),
(1185, 230, 'Pathadumbara', 'Balanagala'),
(1186, 235, 'Pathadumbara', 'Nawayalathenna'),
(1187, 240, 'Pathadumbara', 'Kahalla'),
(1188, 245, 'Pathadumbara', 'Kalugalawatta'),
(1189, 250, 'Pathadumbara', 'Galewatta'),
(1190, 255, 'Pathadumbara', 'Abasingama'),
(1191, 260, 'Pathadumbara', 'Hamindagoda'),
(1192, 5, 'Panvila', 'Kelebokka'),
(1193, 10, 'Panvila', 'Watakele'),
(1194, 15, 'Panvila', 'Mahapathana'),
(1195, 20, 'Panvila', 'Kosgama'),
(1196, 25, 'Panvila', 'Thawalanthenna'),
(1197, 30, 'Panvila', 'Gomaraya'),
(1198, 35, 'Panvila', 'Beddegama'),
(1199, 40, 'Panvila', 'Arattana'),
(1200, 45, 'Panvila', 'Madulkele'),
(1201, 50, 'Panvila', 'Hathale'),
(1202, 55, 'Panvila', 'Angammana'),
(1203, 60, 'Panvila', 'Udugoda'),
(1204, 65, 'Panvila', 'Pitawala'),
(1205, 70, 'Panvila', 'Panvila'),
(1206, 5, 'Udadumbara', 'Meemure'),
(1207, 10, 'Udadumbara', 'Kumbukgolla'),
(1208, 15, 'Udadumbara', 'Kaikawala'),
(1209, 20, 'Udadumbara', 'Pusse Ela'),
(1210, 25, 'Udadumbara', 'Karambaketiya'),
(1211, 30, 'Udadumbara', 'Gerandigala'),
(1212, 35, 'Udadumbara', 'Moonamalpelessa'),
(1213, 40, 'Udadumbara', 'Kalugala'),
(1214, 45, 'Udadumbara', 'Udailuka'),
(1215, 50, 'Udadumbara', 'Padupola'),
(1216, 55, 'Udadumbara', 'Udakumbura'),
(1217, 60, 'Udadumbara', 'Kalugaloya'),
(1218, 65, 'Udadumbara', 'Dumbaragama'),
(1219, 70, 'Udadumbara', 'Pallewela'),
(1220, 75, 'Udadumbara', 'Udawela'),
(1221, 80, 'Udadumbara', 'Kandegama'),
(1222, 85, 'Udadumbara', 'Wadawalakanda'),
(1223, 90, 'Udadumbara', 'Kobonilla'),
(1224, 95, 'Udadumbara', 'Pallekanda'),
(1225, 100, 'Udadumbara', 'Hanwella'),
(1226, 105, 'Udadumbara', 'Andideniya'),
(1227, 110, 'Udadumbara', 'Dambagahapitiya'),
(1228, 115, 'Udadumbara', 'Poppitiya'),
(1229, 120, 'Udadumbara', 'Oyathenna'),
(1230, 125, 'Udadumbara', 'Thalagune'),
(1231, 130, 'Udadumbara', 'Gedaramada'),
(1232, 135, 'Udadumbara', 'Kirigankumbura'),
(1233, 140, 'Udadumbara', 'Udadumbara'),
(1234, 145, 'Udadumbara', 'Nawanagala'),
(1235, 150, 'Udadumbara', 'Hunnasgiriya'),
(1236, 155, 'Udadumbara', 'Kiripattiya'),
(1237, 160, 'Udadumbara', 'Halyala'),
(1238, 165, 'Udadumbara', 'Mediriya'),
(1239, 170, 'Udadumbara', 'Gangoda'),
(1240, 175, 'Udadumbara', 'Udapitawala'),
(1241, 180, 'Udadumbara', 'Mahawala'),
(1242, 185, 'Udadumbara', 'Pitawala Udagammedda'),
(1243, 190, 'Udadumbara', 'Godakumbura'),
(1244, 195, 'Udadumbara', 'Mediwaka'),
(1245, 200, 'Udadumbara', 'Karandagolla'),
(1246, 205, 'Udadumbara', 'Rambukwella East'),
(1247, 210, 'Udadumbara', 'Rambukwella West'),
(1248, 215, 'Udadumbara', 'Denapitiya'),
(1249, 220, 'Udadumbara', 'Nugethenna East'),
(1250, 225, 'Udadumbara', 'Nugethenna West'),
(1251, 230, 'Udadumbara', 'Kevulgama'),
(1252, 235, 'Udadumbara', 'Ganegala'),
(1253, 240, 'Udadumbara', 'Minuwangamuwa'),
(1254, 245, 'Udadumbara', 'Kalalgamuwa'),
(1255, 250, 'Udadumbara', 'Pitawala'),
(1256, 255, 'Udadumbara', 'Dewahandiya East'),
(1257, 260, 'Udadumbara', 'Hapukanda East'),
(1258, 265, 'Udadumbara', 'Hapukanda West'),
(1259, 270, 'Udadumbara', 'Madugalla Udagammedda'),
(1260, 275, 'Udadumbara', 'Madugalla North'),
(1261, 280, 'Udadumbara', 'Madugalla South'),
(1262, 285, 'Udadumbara', 'Pamunethenna'),
(1263, 290, 'Udadumbara', 'Devinnegama'),
(1264, 295, 'Udadumbara', 'Bamgarabedda East'),
(1265, 300, 'Udadumbara', 'Bambarabedda West'),
(1266, 305, 'Udadumbara', 'Pitigoda'),
(1267, 310, 'Udadumbara', 'Kalawala'),
(1268, 315, 'Udadumbara', 'Dewahandiya West'),
(1269, 5, 'Minipe', 'Galamuduna'),
(1270, 10, 'Minipe', 'Dungolla'),
(1271, 15, 'Minipe', 'Thotillagasella'),
(1272, 20, 'Minipe', 'Palugolla'),
(1273, 25, 'Minipe', 'Wewere'),
(1274, 30, 'Minipe', 'Dehemigama'),
(1275, 35, 'Minipe', 'Himbutuwa'),
(1276, 40, 'Minipe', 'Udattawa North'),
(1277, 45, 'Minipe', 'Pallegaladebokka'),
(1278, 50, 'Minipe', 'Udagaladebokka'),
(1279, 55, 'Minipe', 'Udaththawa'),
(1280, 60, 'Minipe', 'Dambagahawela'),
(1281, 65, 'Minipe', 'Kindigoda North'),
(1282, 70, 'Minipe', 'Udawela'),
(1283, 75, 'Minipe', 'Kindigoda South'),
(1284, 80, 'Minipe', 'Ulpathagama'),
(1285, 85, 'Minipe', 'Ambagolla'),
(1286, 90, 'Minipe', 'Dambepitiya'),
(1287, 95, 'Minipe', 'Welgahawadiya'),
(1288, 100, 'Minipe', 'Mahayaya North'),
(1289, 105, 'Minipe', '08 Ela'),
(1290, 110, 'Minipe', 'Welgala'),
(1291, 115, 'Minipe', 'Mahayaya South'),
(1292, 120, 'Minipe', 'Thorapitiya'),
(1293, 125, 'Minipe', 'Keenapelessa'),
(1294, 130, 'Minipe', 'Mahagalahinna'),
(1295, 135, 'Minipe', 'Hasalaka'),
(1296, 140, 'Minipe', 'Pallewatta'),
(1297, 145, 'Minipe', 'Hasalaka Nagaraya'),
(1298, 150, 'Minipe', 'Mahaassedduma'),
(1299, 155, 'Minipe', 'Rathnella'),
(1300, 160, 'Minipe', 'Gurulupotha'),
(1301, 165, 'Minipe', 'Waragolla'),
(1302, 170, 'Minipe', 'Weragama'),
(1303, 175, 'Minipe', 'Bulathwelkandura'),
(1304, 180, 'Minipe', 'Weraganthota'),
(1305, 185, 'Minipe', 'Morayaya'),
(1306, 190, 'Minipe', 'Lunumadalaketiya'),
(1307, 195, 'Minipe', 'Diyabubula'),
(1308, 200, 'Minipe', 'Handaganawa'),
(1309, 205, 'Minipe', 'Batumulla'),
(1310, 210, 'Minipe', 'Udayagala'),
(1311, 215, 'Minipe', 'Asamodagamyaya'),
(1312, 220, 'Minipe', 'Ambagahapelessa'),
(1313, 225, 'Minipe', 'Muttettuthenna'),
(1314, 230, 'Minipe', 'Minipe'),
(1315, 235, 'Minipe', 'Kolonyaya'),
(1316, 240, 'Minipe', 'Bebiya'),
(1317, 5, 'Medadumbara', 'Elliyadda'),
(1318, 10, 'Medadumbara', 'Thunisgala');
INSERT INTO `tbl_list_gnd` (`id`, `gnd_id`, `division_name`, `gnd_name`) VALUES
(1319, 15, 'Medadumbara', 'Gonawala'),
(1320, 20, 'Medadumbara', 'Thangappuwa'),
(1321, 25, 'Medadumbara', 'Kotaganga'),
(1322, 30, 'Medadumbara', 'Bulathwatta'),
(1323, 35, 'Medadumbara', 'Galabodawatta'),
(1324, 40, 'Medadumbara', 'Nagolla'),
(1325, 45, 'Medadumbara', 'Galkotuwa'),
(1326, 50, 'Medadumbara', 'Werapitiya'),
(1327, 55, 'Medadumbara', 'Werathenna'),
(1328, 60, 'Medadumbara', 'Randiwela'),
(1329, 65, 'Medadumbara', 'Bobebila'),
(1330, 70, 'Medadumbara', 'Duckwariya'),
(1331, 75, 'Medadumbara', 'Rangala Aluthwatta'),
(1332, 80, 'Medadumbara', 'Ferndail'),
(1333, 85, 'Medadumbara', 'Hakmana'),
(1334, 90, 'Medadumbara', 'Birnside'),
(1335, 95, 'Medadumbara', 'Rangala'),
(1336, 100, 'Medadumbara', 'Weladarada'),
(1337, 105, 'Medadumbara', 'Makuldeniya'),
(1338, 110, 'Medadumbara', 'Waradiwela'),
(1339, 115, 'Medadumbara', 'Giddawa-Waradiwela'),
(1340, 120, 'Medadumbara', 'Dunhinna'),
(1341, 125, 'Medadumbara', 'Maneluwa'),
(1342, 130, 'Medadumbara', 'Giddawa'),
(1343, 135, 'Medadumbara', 'Weliketiya'),
(1344, 140, 'Medadumbara', 'Putuhapuwa'),
(1345, 145, 'Medadumbara', 'Udabage'),
(1346, 150, 'Medadumbara', 'Amupitiya'),
(1347, 155, 'Medadumbara', 'Godamunna'),
(1348, 160, 'Medadumbara', 'Katugoda'),
(1349, 165, 'Medadumbara', 'Heeloya'),
(1350, 170, 'Medadumbara', 'Kandekumbura'),
(1351, 175, 'Medadumbara', 'Retiyagama'),
(1352, 180, 'Medadumbara', 'Poddalgoda'),
(1353, 185, 'Medadumbara', 'Nilgala'),
(1354, 190, 'Medadumbara', 'Madeniyawaka'),
(1355, 195, 'Medadumbara', 'Embalagama'),
(1356, 200, 'Medadumbara', 'Siridigana'),
(1357, 205, 'Medadumbara', 'Nugepathana'),
(1358, 210, 'Medadumbara', 'Watapana'),
(1359, 215, 'Medadumbara', 'Ambalagala'),
(1360, 220, 'Medadumbara', 'Gangasirigama'),
(1361, 225, 'Medadumbara', 'Madapola'),
(1362, 230, 'Medadumbara', 'Kandegama'),
(1363, 235, 'Medadumbara', 'Randeniya'),
(1364, 240, 'Medadumbara', 'Pallebage'),
(1365, 245, 'Medadumbara', 'Gabbela'),
(1366, 250, 'Medadumbara', 'Udispattuwa'),
(1367, 255, 'Medadumbara', 'Ranmulla'),
(1368, 260, 'Medadumbara', 'Maharawela'),
(1369, 265, 'Medadumbara', 'Kurukohogama'),
(1370, 270, 'Medadumbara', 'Kiribattalawa'),
(1371, 275, 'Medadumbara', 'Hathiyalwela'),
(1372, 280, 'Medadumbara', 'Mangoda'),
(1373, 285, 'Medadumbara', 'Rambukpotha'),
(1374, 290, 'Medadumbara', 'Namadagala'),
(1375, 295, 'Medadumbara', 'Metideniya'),
(1376, 300, 'Medadumbara', 'Doraliyadda South'),
(1377, 305, 'Medadumbara', 'Wegala'),
(1378, 310, 'Medadumbara', 'Meegahamaditta'),
(1379, 320, 'Medadumbara', 'Rambukwella'),
(1380, 325, 'Medadumbara', 'Udawela'),
(1381, 330, 'Medadumbara', 'Wellethota'),
(1382, 335, 'Medadumbara', 'Vilamuna'),
(1383, 340, 'Medadumbara', 'Karalliyadda'),
(1384, 345, 'Medadumbara', 'Ambagahalanda'),
(1385, 350, 'Medadumbara', 'Hijrapura'),
(1386, 355, 'Medadumbara', 'Galambalama'),
(1387, 360, 'Medadumbara', 'Maberiyathenna'),
(1388, 365, 'Medadumbara', 'Ellepola'),
(1389, 370, 'Medadumbara', 'Wewegama'),
(1390, 375, 'Medadumbara', 'Senarathwela'),
(1391, 380, 'Medadumbara', 'Nithulemada'),
(1392, 385, 'Medadumbara', 'Udathenna'),
(1393, 390, 'Medadumbara', 'Medamahanuwara'),
(1394, 395, 'Medadumbara', 'Bomure'),
(1395, 400, 'Medadumbara', 'Rajagala'),
(1396, 405, 'Medadumbara', 'Wathuliyadda'),
(1397, 410, 'Medadumbara', 'Moragahamula'),
(1398, 415, 'Medadumbara', 'Mahadoraliyadda'),
(1399, 425, 'Medadumbara', 'Puwakgahadiwela'),
(1400, 430, 'Medadumbara', 'Ambale'),
(1401, 435, 'Medadumbara', 'Meeriyagolla'),
(1402, 440, 'Medadumbara', 'Bambaragahadeniya'),
(1403, 445, 'Medadumbara', 'Meegahalanda'),
(1404, 450, 'Medadumbara', 'Sandasiri Dunuvila'),
(1405, 455, 'Medadumbara', 'Thennalanda'),
(1406, 460, 'Medadumbara', 'Udagammedda'),
(1407, 465, 'Medadumbara', 'Welapahala'),
(1408, 470, 'Medadumbara', 'Meda Gammedda'),
(1409, 475, 'Medadumbara', 'Rambukwella East'),
(1410, 5, 'Kundasale', 'Dunuhappawa'),
(1411, 10, 'Kundasale', 'Naranpanawa West'),
(1412, 15, 'Kundasale', 'Kandekumbura'),
(1413, 20, 'Kundasale', 'Alawathugiriya gama'),
(1414, 25, 'Kundasale', 'Galpihilla'),
(1415, 30, 'Kundasale', 'Makkanigama'),
(1416, 35, 'Kundasale', 'Wavinna'),
(1417, 40, 'Kundasale', 'Pallegama'),
(1418, 45, 'Kundasale', 'Maharathenna West'),
(1419, 50, 'Kundasale', 'Udagama North'),
(1420, 55, 'Kundasale', 'Ihala Gonagama'),
(1421, 60, 'Kundasale', 'Delgaslanda'),
(1422, 65, 'Kundasale', 'Lunuketiyamaditta'),
(1423, 70, 'Kundasale', 'Naranpanawa East'),
(1424, 75, 'Kundasale', 'Kuruambemuduna'),
(1425, 80, 'Kundasale', 'Maluwegama'),
(1426, 85, 'Kundasale', 'Wepathana'),
(1427, 90, 'Kundasale', 'Gonawala North'),
(1428, 95, 'Kundasale', 'Deliwalathenna'),
(1429, 100, 'Kundasale', 'Heepitiya'),
(1430, 105, 'Kundasale', 'Udagama South'),
(1431, 110, 'Kundasale', 'Maharathenna East'),
(1432, 115, 'Kundasale', 'Manikhinna'),
(1433, 120, 'Kundasale', 'Hurikaduwa North'),
(1434, 125, 'Kundasale', 'Hurikaduwa West'),
(1435, 130, 'Kundasale', 'Bogaskumbura'),
(1436, 135, 'Kundasale', 'Pilawala North'),
(1437, 140, 'Kundasale', 'Amunugama North'),
(1438, 145, 'Kundasale', 'Amunugama South'),
(1439, 150, 'Kundasale', 'Udagunnepana South'),
(1440, 155, 'Kundasale', 'Udagunnepana North'),
(1441, 160, 'Kundasale', 'Gabadagama South'),
(1442, 165, 'Kundasale', 'Gabadagama North'),
(1443, 170, 'Kundasale', 'Pallegunnepana South'),
(1444, 175, 'Kundasale', 'Pallegunnepana North'),
(1445, 180, 'Kundasale', 'Sirimalwatte West'),
(1446, 185, 'Kundasale', 'Sirimalwatta East'),
(1447, 190, 'Kundasale', 'Sirimalwatte Pallegama'),
(1448, 195, 'Kundasale', 'Lewellagama'),
(1449, 200, 'Kundasale', 'Degaldoruwa'),
(1450, 205, 'Kundasale', 'Deekirimadawala'),
(1451, 210, 'Kundasale', 'Hapuwala'),
(1452, 215, 'Kundasale', 'Galapitambe'),
(1453, 220, 'Kundasale', 'Hathamuna'),
(1454, 225, 'Kundasale', 'Dodamgolla'),
(1455, 230, 'Kundasale', 'Hurikaduwa South'),
(1456, 235, 'Kundasale', 'Hurikaduwa East'),
(1457, 240, 'Kundasale', 'Hurikaduwa Madige'),
(1458, 245, 'Kundasale', 'Galamuna'),
(1459, 250, 'Kundasale', 'Malpana'),
(1460, 255, 'Kundasale', 'Ahaspokuna North'),
(1461, 260, 'Kundasale', 'Gonawala South'),
(1462, 265, 'Kundasale', 'Kumbukkandura South'),
(1463, 270, 'Kundasale', 'Kumbukkandura North'),
(1464, 275, 'Kundasale', 'Rajawella North'),
(1465, 280, 'Kundasale', 'Ahaspokuna South'),
(1466, 285, 'Kundasale', 'Ihalawela'),
(1467, 290, 'Kundasale', 'Kengalla'),
(1468, 295, 'Kundasale', 'Nithulethenna'),
(1469, 300, 'Kundasale', 'Dambarawa'),
(1470, 305, 'Kundasale', 'Pilawala South'),
(1471, 310, 'Kundasale', 'Mahawatta East'),
(1472, 315, 'Kundasale', 'Mahawatta North'),
(1473, 320, 'Kundasale', 'Mahawatta West'),
(1474, 325, 'Kundasale', 'Mahawatta South'),
(1475, 330, 'Kundasale', 'Arangala North'),
(1476, 335, 'Kundasale', 'Karattamada'),
(1477, 340, 'Kundasale', 'Arangala South'),
(1478, 345, 'Kundasale', 'Galmaduwa'),
(1479, 350, 'Kundasale', 'Nattarampotha'),
(1480, 355, 'Kundasale', 'Kundasale North'),
(1481, 360, 'Kundasale', 'Kundasale South'),
(1482, 365, 'Kundasale', 'Balagolla West'),
(1483, 370, 'Kundasale', 'Balagolla East'),
(1484, 375, 'Kundasale', 'Aswalapitiya'),
(1485, 380, 'Kundasale', 'Diyabubula'),
(1486, 385, 'Kundasale', 'Rajawella South'),
(1487, 390, 'Kundasale', 'Aluth Pallekele'),
(1488, 395, 'Kundasale', 'Wijaya Sri Gama'),
(1489, 400, 'Kundasale', 'Ambakotewatta'),
(1490, 5, 'Kandy Four Gravets & Gangawata Korale', 'Mawilmada'),
(1491, 10, 'Kandy Four Gravets & Gangawata Korale', 'Siyambalagasthenna'),
(1492, 15, 'Kandy Four Gravets & Gangawata Korale', 'Pitakanda Gama'),
(1493, 20, 'Kandy Four Gravets & Gangawata Korale', 'Senkadagala'),
(1494, 25, 'Kandy Four Gravets & Gangawata Korale', 'Wattaranthenna'),
(1495, 30, 'Kandy Four Gravets & Gangawata Korale', 'Nittawela'),
(1496, 35, 'Kandy Four Gravets & Gangawata Korale', 'Watapuluwa'),
(1497, 40, 'Kandy Four Gravets & Gangawata Korale', 'Mahaweli Uyana'),
(1498, 45, 'Kandy Four Gravets & Gangawata Korale', 'Watapuluwa South'),
(1499, 50, 'Kandy Four Gravets & Gangawata Korale', 'Aruppala East'),
(1500, 55, 'Kandy Four Gravets & Gangawata Korale', 'Aruppala West'),
(1501, 60, 'Kandy Four Gravets & Gangawata Korale', 'Watapuluwa West'),
(1502, 65, 'Kandy Four Gravets & Gangawata Korale', 'Mahaiyawa'),
(1503, 70, 'Kandy Four Gravets & Gangawata Korale', 'Mapanawathura'),
(1504, 75, 'Kandy Four Gravets & Gangawata Korale', 'Poorna Watta East'),
(1505, 80, 'Kandy Four Gravets & Gangawata Korale', 'Poornawatta West'),
(1506, 85, 'Kandy Four Gravets & Gangawata Korale', 'Asgiriya'),
(1507, 90, 'Kandy Four Gravets & Gangawata Korale', 'Bahirawa Kanda'),
(1508, 95, 'Kandy Four Gravets & Gangawata Korale', 'Nuwara Dodanwala'),
(1509, 100, 'Kandy Four Gravets & Gangawata Korale', 'Aniwatta East'),
(1510, 105, 'Kandy Four Gravets & Gangawata Korale', 'Katukele West'),
(1511, 110, 'Kandy Four Gravets & Gangawata Korale', 'Katukele'),
(1512, 115, 'Kandy Four Gravets & Gangawata Korale', 'Ihala Katukele'),
(1513, 120, 'Kandy Four Gravets & Gangawata Korale', 'Mahanuwara'),
(1514, 125, 'Kandy Four Gravets & Gangawata Korale', 'Lewella'),
(1515, 130, 'Kandy Four Gravets & Gangawata Korale', 'Thalwatta'),
(1516, 135, 'Kandy Four Gravets & Gangawata Korale', 'Boowelikada'),
(1517, 140, 'Kandy Four Gravets & Gangawata Korale', 'Malwatta'),
(1518, 145, 'Kandy Four Gravets & Gangawata Korale', 'Bogambara'),
(1519, 150, 'Kandy Four Gravets & Gangawata Korale', 'Deiyannewela'),
(1520, 155, 'Kandy Four Gravets & Gangawata Korale', 'Nagasthenna'),
(1521, 160, 'Kandy Four Gravets & Gangawata Korale', 'Suduhumpala East'),
(1522, 165, 'Kandy Four Gravets & Gangawata Korale', 'Suduhumpala West'),
(1523, 170, 'Kandy Four Gravets & Gangawata Korale', 'Welata'),
(1524, 175, 'Kandy Four Gravets & Gangawata Korale', 'Aniwatta West'),
(1525, 180, 'Kandy Four Gravets & Gangawata Korale', 'Gatambe'),
(1526, 185, 'Kandy Four Gravets & Gangawata Korale', 'Pahala Eriyagama'),
(1527, 190, 'Kandy Four Gravets & Gangawata Korale', 'Godagandeniya'),
(1528, 195, 'Kandy Four Gravets & Gangawata Korale', 'Palle Peradeniya'),
(1529, 200, 'Kandy Four Gravets & Gangawata Korale', 'Udabowala'),
(1530, 205, 'Kandy Four Gravets & Gangawata Korale', 'Bowala'),
(1531, 210, 'Kandy Four Gravets & Gangawata Korale', 'Mulgampala'),
(1532, 215, 'Kandy Four Gravets & Gangawata Korale', 'Heeressagala'),
(1533, 220, 'Kandy Four Gravets & Gangawata Korale', 'Hanthana Place'),
(1534, 225, 'Kandy Four Gravets & Gangawata Korale', 'Ampitiya South'),
(1535, 230, 'Kandy Four Gravets & Gangawata Korale', 'Ampitiya North'),
(1536, 235, 'Kandy Four Gravets & Gangawata Korale', 'Ampitiya Udagama North'),
(1537, 240, 'Kandy Four Gravets & Gangawata Korale', 'Thennekumbura'),
(1538, 245, 'Kandy Four Gravets & Gangawata Korale', 'Ampitiya Pallegama'),
(1539, 250, 'Kandy Four Gravets & Gangawata Korale', 'Meddegama'),
(1540, 255, 'Kandy Four Gravets & Gangawata Korale', 'Ampitiya Udagama South'),
(1541, 260, 'Kandy Four Gravets & Gangawata Korale', 'Wewathenna'),
(1542, 265, 'Kandy Four Gravets & Gangawata Korale', 'Ulpathakumbura'),
(1543, 270, 'Kandy Four Gravets & Gangawata Korale', 'Gurudeniya West'),
(1544, 275, 'Kandy Four Gravets & Gangawata Korale', 'Gurudeniya East'),
(1545, 280, 'Kandy Four Gravets & Gangawata Korale', 'Maligathenna'),
(1546, 285, 'Kandy Four Gravets & Gangawata Korale', 'Gurudeniya Dambawela'),
(1547, 290, 'Kandy Four Gravets & Gangawata Korale', 'Lewla'),
(1548, 295, 'Kandy Four Gravets & Gangawata Korale', 'Ketawala'),
(1549, 300, 'Kandy Four Gravets & Gangawata Korale', 'Bowalawatta'),
(1550, 305, 'Kandy Four Gravets & Gangawata Korale', 'Ogastawatta'),
(1551, 310, 'Kandy Four Gravets & Gangawata Korale', 'Uda Peradeniya'),
(1552, 315, 'Kandy Four Gravets & Gangawata Korale', 'Hindagala'),
(1553, 320, 'Kandy Four Gravets & Gangawata Korale', 'Mahakanda'),
(1554, 5, 'Harispattuwa', 'Amuwandeniya'),
(1555, 10, 'Harispattuwa', 'Doranegama'),
(1556, 15, 'Harispattuwa', 'Ihagama'),
(1557, 20, 'Harispattuwa', 'Medawala'),
(1558, 25, 'Harispattuwa', 'Angoda'),
(1559, 30, 'Harispattuwa', 'Dembaralawa'),
(1560, 35, 'Harispattuwa', 'Bothota'),
(1561, 40, 'Harispattuwa', 'Attaragama East'),
(1562, 45, 'Harispattuwa', 'Attaragama'),
(1563, 50, 'Harispattuwa', 'Gonigoda-Palkumbura'),
(1564, 55, 'Harispattuwa', 'Gonigoda'),
(1565, 60, 'Harispattuwa', 'Attaragama South'),
(1566, 65, 'Harispattuwa', 'Hapugoda'),
(1567, 70, 'Harispattuwa', 'Udabokalawela'),
(1568, 75, 'Harispattuwa', 'Rajapihilla'),
(1569, 80, 'Harispattuwa', 'Ulladupitiya East'),
(1570, 85, 'Harispattuwa', 'Ulladupitiya West'),
(1571, 90, 'Harispattuwa', 'Arambegama'),
(1572, 95, 'Harispattuwa', 'Aladeniya'),
(1573, 100, 'Harispattuwa', 'Hedeniya'),
(1574, 105, 'Harispattuwa', 'Rajasinhagama'),
(1575, 110, 'Harispattuwa', 'Palkumbura'),
(1576, 115, 'Harispattuwa', 'Narangoda'),
(1577, 120, 'Harispattuwa', 'Kurundugolla'),
(1578, 125, 'Harispattuwa', 'Viguhumpola'),
(1579, 130, 'Harispattuwa', 'Hiriyalagammana'),
(1580, 135, 'Harispattuwa', 'Thittapajjala'),
(1581, 140, 'Harispattuwa', 'Thittapajjala North'),
(1582, 145, 'Harispattuwa', 'Nugawela'),
(1583, 150, 'Harispattuwa', 'Batuambe'),
(1584, 155, 'Harispattuwa', 'Endaruthenna'),
(1585, 160, 'Harispattuwa', 'Embulpure'),
(1586, 165, 'Harispattuwa', 'Uduwawala West'),
(1587, 170, 'Harispattuwa', 'Uduwawala North'),
(1588, 175, 'Harispattuwa', 'Pallebokalawela'),
(1589, 180, 'Harispattuwa', 'Ranawana West'),
(1590, 185, 'Harispattuwa', 'Ranawana East'),
(1591, 190, 'Harispattuwa', 'Uduwawala East'),
(1592, 195, 'Harispattuwa', 'Senarathgama North'),
(1593, 200, 'Harispattuwa', 'Wathuwala'),
(1594, 205, 'Harispattuwa', 'Uyanwatta'),
(1595, 210, 'Harispattuwa', 'Dadahogama'),
(1596, 215, 'Harispattuwa', 'Mapamadulla'),
(1597, 220, 'Harispattuwa', 'Malagammana'),
(1598, 225, 'Harispattuwa', 'Ruwanpuraya'),
(1599, 230, 'Harispattuwa', 'Kurunduwatta'),
(1600, 235, 'Harispattuwa', 'Ihala Karanduwawala'),
(1601, 240, 'Harispattuwa', 'Pahala Karanduwawala'),
(1602, 245, 'Harispattuwa', 'Owathenna'),
(1603, 250, 'Harispattuwa', 'Yahalathenna West'),
(1604, 255, 'Harispattuwa', 'Yahalathenna Kanda'),
(1605, 260, 'Harispattuwa', 'Kulugammana'),
(1606, 265, 'Harispattuwa', 'Uguressapitiya'),
(1607, 270, 'Harispattuwa', 'Senarathgama South'),
(1608, 275, 'Harispattuwa', 'Kondadeniya'),
(1609, 280, 'Harispattuwa', 'Etamurungagoda'),
(1610, 285, 'Harispattuwa', 'Yatiwawala'),
(1611, 290, 'Harispattuwa', 'Katugasthota'),
(1612, 295, 'Harispattuwa', 'Inigala'),
(1613, 300, 'Harispattuwa', 'Rathmale'),
(1614, 305, 'Harispattuwa', 'Hamangoda North'),
(1615, 310, 'Harispattuwa', 'Hamangoda South'),
(1616, 315, 'Harispattuwa', 'Uggalla'),
(1617, 320, 'Harispattuwa', 'Udadoolwala'),
(1618, 325, 'Harispattuwa', 'Kurundugahamada'),
(1619, 330, 'Harispattuwa', 'Seewaleekanda'),
(1620, 335, 'Harispattuwa', 'Mahatenna'),
(1621, 340, 'Harispattuwa', 'Bulathgolla'),
(1622, 345, 'Harispattuwa', 'Yatihalagala Udagama'),
(1623, 350, 'Harispattuwa', 'Pahala Doolwala'),
(1624, 355, 'Harispattuwa', 'Udamulla'),
(1625, 360, 'Harispattuwa', 'Gohagoda'),
(1626, 365, 'Harispattuwa', 'Wegiriya'),
(1627, 370, 'Harispattuwa', 'Polwatta'),
(1628, 375, 'Harispattuwa', 'Madapathagama'),
(1629, 380, 'Harispattuwa', 'Banwelgolla'),
(1630, 385, 'Harispattuwa', 'Narangaskumbura'),
(1631, 390, 'Harispattuwa', 'Pallemulla'),
(1632, 395, 'Harispattuwa', 'Hal Pallegama'),
(1633, 400, 'Harispattuwa', 'Bogahakanda'),
(1634, 405, 'Harispattuwa', 'Yatihalagala Pallegama'),
(1635, 410, 'Harispattuwa', 'Haloluwa'),
(1636, 415, 'Harispattuwa', 'Kumburegedara'),
(1637, 420, 'Harispattuwa', 'Waratenna'),
(1638, 5, 'Hatharaliyadda', 'Paragoda'),
(1639, 10, 'Hatharaliyadda', 'Aludeniya North'),
(1640, 15, 'Hatharaliyadda', 'Aludeniya South'),
(1641, 20, 'Hatharaliyadda', 'Alakolamaditta'),
(1642, 25, 'Hatharaliyadda', 'Amboruwa'),
(1643, 30, 'Hatharaliyadda', 'Galdola'),
(1644, 35, 'Hatharaliyadda', 'Polwatta Ihalagama'),
(1645, 40, 'Hatharaliyadda', 'Ilpemada'),
(1646, 45, 'Hatharaliyadda', 'Polwatta'),
(1647, 50, 'Hatharaliyadda', 'Dunkumbura'),
(1648, 55, 'Hatharaliyadda', 'Nikathenna'),
(1649, 60, 'Hatharaliyadda', 'Narangaspitiya'),
(1650, 65, 'Hatharaliyadda', 'Godathale'),
(1651, 70, 'Hatharaliyadda', 'Kalotuwawa'),
(1652, 75, 'Hatharaliyadda', 'Dedunupitiya Pahalagama'),
(1653, 80, 'Hatharaliyadda', 'Damunupola'),
(1654, 85, 'Hatharaliyadda', 'Pallepola'),
(1655, 90, 'Hatharaliyadda', 'Welagama'),
(1656, 95, 'Hatharaliyadda', 'Weligodapola'),
(1657, 100, 'Hatharaliyadda', 'Hatharaliyadda'),
(1658, 105, 'Hatharaliyadda', 'Kanakkarapola North'),
(1659, 110, 'Hatharaliyadda', 'Mawathagama'),
(1660, 115, 'Hatharaliyadda', 'Imbulethenna'),
(1661, 120, 'Hatharaliyadda', 'Welivita Ihalagama North'),
(1662, 125, 'Hatharaliyadda', 'Welivita Ihalagama'),
(1663, 130, 'Hatharaliyadda', 'Sivurupitiya'),
(1664, 135, 'Hatharaliyadda', 'Eramuduliyadda'),
(1665, 140, 'Hatharaliyadda', 'Muruddeniya'),
(1666, 145, 'Hatharaliyadda', 'Walpalagolla North'),
(1667, 150, 'Hatharaliyadda', 'Walpalagolla East'),
(1668, 155, 'Hatharaliyadda', 'Walpalagolla South'),
(1669, 160, 'Hatharaliyadda', 'Welivita Pahalagama'),
(1670, 165, 'Hatharaliyadda', 'Handabowa'),
(1671, 170, 'Hatharaliyadda', 'Meegasthenna'),
(1672, 175, 'Hatharaliyadda', 'Kanakkarapola South'),
(1673, 180, 'Hatharaliyadda', 'Avulbodale'),
(1674, 185, 'Hatharaliyadda', 'Lechchimimenila'),
(1675, 190, 'Hatharaliyadda', 'Yaggala'),
(1676, 195, 'Hatharaliyadda', 'Rangamuwa'),
(1677, 200, 'Hatharaliyadda', 'Dedunupitiya Ihala'),
(1678, 205, 'Hatharaliyadda', 'Ambawa'),
(1679, 210, 'Hatharaliyadda', 'Dehideniya Madige'),
(1680, 215, 'Hatharaliyadda', 'Pelena Pahalagama'),
(1681, 220, 'Hatharaliyadda', 'Pelena'),
(1682, 225, 'Hatharaliyadda', 'Kandemeeya'),
(1683, 230, 'Hatharaliyadda', 'Alagalla Pahalagama'),
(1684, 235, 'Hatharaliyadda', 'Alagalla Ihala'),
(1685, 240, 'Hatharaliyadda', 'Mudagammana'),
(1686, 245, 'Hatharaliyadda', 'Pattapola Ihalagama'),
(1687, 250, 'Hatharaliyadda', 'Pattapola Pahala'),
(1688, 255, 'Hatharaliyadda', 'Welivita Pahalagama South'),
(1689, 260, 'Hatharaliyadda', 'Andiyathenna'),
(1690, 265, 'Hatharaliyadda', 'Kolugala'),
(1691, 270, 'Hatharaliyadda', 'Kolugala Pahala'),
(1692, 275, 'Hatharaliyadda', 'Kithuldora'),
(1693, 280, 'Hatharaliyadda', 'Aluthgama Pahala'),
(1694, 285, 'Hatharaliyadda', 'Aluthgama Ihala'),
(1695, 5, 'Yatinuwara', 'Alagalla Watta'),
(1696, 10, 'Yatinuwara', 'Kirimetiya Watta'),
(1697, 15, 'Yatinuwara', 'Pahala Yatigammana'),
(1698, 20, 'Yatinuwara', 'Yatigammana'),
(1699, 25, 'Yatinuwara', 'Thismada'),
(1700, 30, 'Yatinuwara', 'Kotaligoda North'),
(1701, 35, 'Yatinuwara', 'Udawela Nadithalawa'),
(1702, 40, 'Yatinuwara', 'Udawela Pallemaditta'),
(1703, 45, 'Yatinuwara', 'Wathurakumbura'),
(1704, 50, 'Yatinuwara', 'Gurugama'),
(1705, 55, 'Yatinuwara', 'Dehianga North'),
(1706, 60, 'Yatinuwara', 'Kobbekaduwa'),
(1707, 65, 'Yatinuwara', 'Ihala Kobbekaduwa'),
(1708, 70, 'Yatinuwara', 'Pelawa Ihalagama'),
(1709, 75, 'Yatinuwara', 'Yahalathenna'),
(1710, 80, 'Yatinuwara', 'Pelawa Ihala Meda'),
(1711, 85, 'Yatinuwara', 'Pelawa Pahalagama'),
(1712, 90, 'Yatinuwara', 'Gannoruwa West'),
(1713, 95, 'Yatinuwara', 'Dehigama East'),
(1714, 100, 'Yatinuwara', 'Dehigama South'),
(1715, 105, 'Yatinuwara', 'Dehigama North'),
(1716, 110, 'Yatinuwara', 'Dehianga South'),
(1717, 115, 'Yatinuwara', 'Pahala Dodamwala'),
(1718, 120, 'Yatinuwara', 'Ihala Dodamwala'),
(1719, 125, 'Yatinuwara', 'Udawela Pahalagama'),
(1720, 130, 'Yatinuwara', 'Munwathugoda'),
(1721, 135, 'Yatinuwara', 'Walgampaya'),
(1722, 140, 'Yatinuwara', 'Bathgoda'),
(1723, 145, 'Yatinuwara', 'Doluwa East'),
(1724, 150, 'Yatinuwara', 'Doluwa West'),
(1725, 155, 'Yatinuwara', 'Kotaligoda South'),
(1726, 160, 'Yatinuwara', 'Menikdiwela'),
(1727, 165, 'Yatinuwara', 'Pottepitiya'),
(1728, 170, 'Yatinuwara', 'Ihala Alagalla'),
(1729, 175, 'Yatinuwara', 'Godigamuwa'),
(1730, 180, 'Yatinuwara', 'Motana Dekinda'),
(1731, 185, 'Yatinuwara', 'Gondeniya'),
(1732, 190, 'Yatinuwara', 'Madiligama'),
(1733, 195, 'Yatinuwara', 'Udarathmeewala'),
(1734, 200, 'Yatinuwara', 'Pahala Rathmeewala'),
(1735, 205, 'Yatinuwara', 'Deldeniya'),
(1736, 210, 'Yatinuwara', 'Walgowwagoda'),
(1737, 215, 'Yatinuwara', 'Kavudupana'),
(1738, 220, 'Yatinuwara', 'Haliyadda'),
(1739, 225, 'Yatinuwara', 'Danthure'),
(1740, 230, 'Yatinuwara', 'Siyambalagoda'),
(1741, 235, 'Yatinuwara', 'Parakatawella'),
(1742, 240, 'Yatinuwara', 'Imbulmalgama'),
(1743, 245, 'Yatinuwara', 'Diyapalagoda'),
(1744, 250, 'Yatinuwara', 'Mangalagama'),
(1745, 255, 'Yatinuwara', 'Karuwalawatta'),
(1746, 260, 'Yatinuwara', 'Gannoruwa Central'),
(1747, 265, 'Yatinuwara', 'Dehideniya West'),
(1748, 270, 'Yatinuwara', 'Sooriyagoda'),
(1749, 275, 'Yatinuwara', 'Malgammana'),
(1750, 280, 'Yatinuwara', 'Moladanda'),
(1751, 285, 'Yatinuwara', 'Giragama'),
(1752, 290, 'Yatinuwara', 'Aranbegama East'),
(1753, 295, 'Yatinuwara', 'Kudaoya'),
(1754, 300, 'Yatinuwara', 'Kurunduwatta'),
(1755, 305, 'Yatinuwara', 'Kandangama North'),
(1756, 310, 'Yatinuwara', 'Mamudawala'),
(1757, 315, 'Yatinuwara', 'Maligathenna'),
(1758, 320, 'Yatinuwara', 'Ketakumbura'),
(1759, 325, 'Yatinuwara', 'Amunupura'),
(1760, 330, 'Yatinuwara', 'Moragolla Mahakanda'),
(1761, 335, 'Yatinuwara', 'Balana'),
(1762, 340, 'Yatinuwara', 'Weralugolla'),
(1763, 345, 'Yatinuwara', 'Pahala Mudaliwatta'),
(1764, 350, 'Yatinuwara', 'Mudaliwatta'),
(1765, 355, 'Yatinuwara', 'Panabokka'),
(1766, 360, 'Yatinuwara', 'Kandangama South'),
(1767, 365, 'Yatinuwara', 'Kotabogoda'),
(1768, 370, 'Yatinuwara', 'Urapola'),
(1769, 375, 'Yatinuwara', 'Arambegama West'),
(1770, 380, 'Yatinuwara', 'Embilmeegama North'),
(1771, 385, 'Yatinuwara', 'Ranawana'),
(1772, 390, 'Yatinuwara', 'Bulumulla'),
(1773, 395, 'Yatinuwara', 'Pilapitiya'),
(1774, 400, 'Yatinuwara', 'Kiribathkumbura East'),
(1775, 405, 'Yatinuwara', 'Dehideniya East'),
(1776, 410, 'Yatinuwara', 'Kendakaduwa'),
(1777, 415, 'Yatinuwara', 'Gannoruwa East'),
(1778, 420, 'Yatinuwara', 'Uda Eriyagama East'),
(1779, 425, 'Yatinuwara', 'Uda Eriyagama West]'),
(1780, 430, 'Yatinuwara', 'Edanduwawa East'),
(1781, 435, 'Yatinuwara', 'Edanduwawa West'),
(1782, 440, 'Yatinuwara', 'Kiribathkumbura West'),
(1783, 445, 'Yatinuwara', 'Embilmeegama South'),
(1784, 450, 'Yatinuwara', 'Govindala'),
(1785, 455, 'Yatinuwara', 'Pilimathalawa'),
(1786, 460, 'Yatinuwara', 'Ilukwatta'),
(1787, 465, 'Yatinuwara', 'Madarangoda'),
(1788, 470, 'Yatinuwara', 'Kadawathgama'),
(1789, 475, 'Yatinuwara', 'Kadugannawa Town'),
(1790, 5, 'Udunuwara', 'Gangoda'),
(1791, 10, 'Udunuwara', 'Gangoda North'),
(1792, 15, 'Udunuwara', 'Werellamana'),
(1793, 20, 'Udunuwara', 'Thalawaththa'),
(1794, 25, 'Udunuwara', 'Boyagama'),
(1795, 30, 'Udunuwara', 'Gangoda South'),
(1796, 35, 'Udunuwara', 'Gadaladeniya North'),
(1797, 40, 'Udunuwara', 'Kiriwavula East'),
(1798, 45, 'Udunuwara', 'Kiriwavula West'),
(1799, 50, 'Udunuwara', 'Aladuwaka'),
(1800, 55, 'Udunuwara', 'Pahala Kurukuttla'),
(1801, 60, 'Udunuwara', 'Kurukuttala Ihala'),
(1802, 65, 'Udunuwara', 'Belungala'),
(1803, 70, 'Udunuwara', 'Lagamuwa'),
(1804, 75, 'Udunuwara', 'Mathgamuwa'),
(1805, 80, 'Udunuwara', 'Urulewaththa'),
(1806, 85, 'Udunuwara', 'Warakagoda'),
(1807, 90, 'Udunuwara', 'Hepana'),
(1808, 95, 'Udunuwara', 'Gadaladeniya South'),
(1809, 100, 'Udunuwara', 'Deliwala'),
(1810, 105, 'Udunuwara', 'Pamunuwa West'),
(1811, 110, 'Udunuwara', 'Pamunuwa East'),
(1812, 115, 'Udunuwara', 'Mampitiya'),
(1813, 120, 'Udunuwara', 'Rajagiriya'),
(1814, 125, 'Udunuwara', 'Hendeniya West'),
(1815, 130, 'Udunuwara', 'Hendeniya East'),
(1816, 135, 'Udunuwara', 'Penideniya'),
(1817, 140, 'Udunuwara', 'Sangabogama'),
(1818, 145, 'Udunuwara', 'Meewathura'),
(1819, 150, 'Udunuwara', 'Angunawala East'),
(1820, 155, 'Udunuwara', 'Angunawala West'),
(1821, 160, 'Udunuwara', 'Yalegoda East'),
(1822, 165, 'Udunuwara', 'Yalegoda West'),
(1823, 170, 'Udunuwara', 'Alapalawala East'),
(1824, 175, 'Udunuwara', 'Alapalawala West'),
(1825, 180, 'Udunuwara', 'Walgama'),
(1826, 185, 'Udunuwara', 'Rabbegamuwa North'),
(1827, 190, 'Udunuwara', 'Rabbegamuwa South'),
(1828, 195, 'Udunuwara', 'Hiddavulla East'),
(1829, 200, 'Udunuwara', 'Ganguldeniya'),
(1830, 205, 'Udunuwara', 'Wattappola'),
(1831, 210, 'Udunuwara', 'Walagedara North'),
(1832, 215, 'Udunuwara', 'Udagama'),
(1833, 220, 'Udunuwara', 'Aluthkanda'),
(1834, 225, 'Udunuwara', 'Sadikkawatta'),
(1835, 230, 'Udunuwara', 'Kovilakanda'),
(1836, 235, 'Udunuwara', 'Walagedara South'),
(1837, 240, 'Udunuwara', 'Nikahetiya'),
(1838, 245, 'Udunuwara', 'Panabokka'),
(1839, 250, 'Udunuwara', 'Hiddavulla West'),
(1840, 255, 'Udunuwara', 'Hiyarapitiya'),
(1841, 260, 'Udunuwara', 'Heeyawala'),
(1842, 265, 'Udunuwara', 'Imbuldeniya'),
(1843, 270, 'Udunuwara', 'Naranwala'),
(1844, 275, 'Udunuwara', 'Handessa'),
(1845, 280, 'Udunuwara', 'Piligalla West'),
(1846, 285, 'Udunuwara', 'Piligalla East'),
(1847, 290, 'Udunuwara', 'Godapola West'),
(1848, 295, 'Udunuwara', 'Godapola East'),
(1849, 300, 'Udunuwara', 'Kamburadeniya'),
(1850, 305, 'Udunuwara', 'Meewaladeniya'),
(1851, 310, 'Udunuwara', 'Arattana'),
(1852, 315, 'Udunuwara', 'Davulagala'),
(1853, 320, 'Udunuwara', 'Arawwawela'),
(1854, 325, 'Udunuwara', 'Rangama'),
(1855, 330, 'Udunuwara', 'Wathupola'),
(1856, 335, 'Udunuwara', 'Manikkawa'),
(1857, 340, 'Udunuwara', 'Elpitikanda'),
(1858, 345, 'Udunuwara', 'Kooradeniya'),
(1859, 350, 'Udunuwara', 'Ambanwala'),
(1860, 355, 'Udunuwara', 'Werawala East'),
(1861, 360, 'Udunuwara', 'Werawala West'),
(1862, 365, 'Udunuwara', 'Siyambalagoda'),
(1863, 370, 'Udunuwara', 'Meddegoda'),
(1864, 375, 'Udunuwara', 'Embakka'),
(1865, 380, 'Udunuwara', 'Ambarapola'),
(1866, 385, 'Udunuwara', 'Eladhetha West'),
(1867, 390, 'Udunuwara', 'Ihala Pethiyagoda'),
(1868, 395, 'Udunuwara', 'Pethiyagoda West'),
(1869, 400, 'Udunuwara', 'Pethiyagoda East'),
(1870, 405, 'Udunuwara', 'Palle Aludeniya'),
(1871, 410, 'Udunuwara', 'Karamada North'),
(1872, 415, 'Udunuwara', 'New Peradeniya'),
(1873, 420, 'Udunuwara', 'Karamada South'),
(1874, 425, 'Udunuwara', 'New Elpitiya North'),
(1875, 430, 'Udunuwara', 'Gelioya'),
(1876, 435, 'Udunuwara', 'Dehipagoda West'),
(1877, 440, 'Udunuwara', 'Dehipagoda East'),
(1878, 445, 'Udunuwara', 'Eladhetta East'),
(1879, 450, 'Udunuwara', 'Hathnagoda'),
(1880, 455, 'Udunuwara', 'Ketakumbura'),
(1881, 460, 'Udunuwara', 'Boowelikada'),
(1882, 465, 'Udunuwara', 'Dodandeniya'),
(1883, 470, 'Udunuwara', 'Batupitiya'),
(1884, 475, 'Udunuwara', 'Bambaradeniya'),
(1885, 480, 'Udunuwara', 'Pilapitiya'),
(1886, 485, 'Udunuwara', 'Rangoda'),
(1887, 490, 'Udunuwara', 'Ambagasthenna'),
(1888, 495, 'Udunuwara', 'Welamboda'),
(1889, 500, 'Udunuwara', 'Liyangahawaththa'),
(1890, 505, 'Udunuwara', 'Maweekumbura North'),
(1891, 510, 'Udunuwara', 'Maveekumbura South'),
(1892, 515, 'Udunuwara', 'Watadeniya'),
(1893, 520, 'Udunuwara', 'Viharagama'),
(1894, 525, 'Udunuwara', 'Ganhatha'),
(1895, 530, 'Udunuwara', 'Daskara'),
(1896, 535, 'Udunuwara', 'Wegiriya East'),
(1897, 540, 'Udunuwara', 'Thalawathura'),
(1898, 545, 'Udunuwara', 'Muruthagahamula'),
(1899, 550, 'Udunuwara', 'Pitawalawatta'),
(1900, 555, 'Udunuwara', 'New Elpitiya South'),
(1901, 560, 'Udunuwara', 'Polgahaanga'),
(1902, 565, 'Udunuwara', 'Delgahapitiya'),
(1903, 570, 'Udunuwara', 'Weligalla'),
(1904, 575, 'Udunuwara', 'Uda Aludeniya'),
(1905, 580, 'Udunuwara', 'Palkumbura'),
(1906, 585, 'Udunuwara', 'Lunugama'),
(1907, 590, 'Udunuwara', 'Hondiyadeniya'),
(1908, 595, 'Udunuwara', 'Wegiriya West'),
(1909, 600, 'Udunuwara', 'Kotagaloluwa'),
(1910, 605, 'Udunuwara', 'Deldeniya'),
(1911, 610, 'Udunuwara', 'Dihitideniya'),
(1912, 615, 'Udunuwara', 'Appallagoda East'),
(1913, 620, 'Udunuwara', 'Appallagoda West'),
(1914, 5, 'Doluwa', 'Galoya'),
(1915, 10, 'Doluwa', 'Haloya'),
(1916, 15, 'Doluwa', 'Wariyagala'),
(1917, 20, 'Doluwa', 'Megoda Kalugamuwa'),
(1918, 25, 'Doluwa', 'Ganegoda'),
(1919, 30, 'Doluwa', 'Godawela'),
(1920, 35, 'Doluwa', 'Nawa Gurukele'),
(1921, 40, 'Doluwa', 'Nillamba'),
(1922, 45, 'Doluwa', 'Nawa Nillamba'),
(1923, 50, 'Doluwa', 'Palledelthota'),
(1924, 55, 'Doluwa', 'Gurukele'),
(1925, 60, 'Doluwa', 'Legumdeniya'),
(1926, 65, 'Doluwa', 'Orayanwatta'),
(1927, 70, 'Doluwa', 'Doluwa'),
(1928, 75, 'Doluwa', 'Inguruwatta'),
(1929, 80, 'Doluwa', 'Naranvita'),
(1930, 85, 'Doluwa', 'Atuwewatta'),
(1931, 90, 'Doluwa', 'Gampolawatta'),
(1932, 95, 'Doluwa', 'Wewathenna'),
(1933, 100, 'Doluwa', 'Thundeniya'),
(1934, 105, 'Doluwa', 'Kahawatta'),
(1935, 110, 'Doluwa', 'Gothatuwela'),
(1936, 115, 'Doluwa', 'Millagahamula'),
(1937, 120, 'Doluwa', 'Pambadeniya'),
(1938, 125, 'Doluwa', 'Panvilathenna'),
(1939, 130, 'Doluwa', 'Masgolla'),
(1940, 135, 'Doluwa', 'Thumpelawaka'),
(1941, 140, 'Doluwa', 'Mulgama'),
(1942, 145, 'Doluwa', 'Ududeniya'),
(1943, 150, 'Doluwa', 'Hunugala'),
(1944, 155, 'Doluwa', 'Rajathalawa'),
(1945, 160, 'Doluwa', 'Pupuressa'),
(1946, 165, 'Doluwa', 'Pitawala'),
(1947, 5, 'Pathahewaheta', 'Udawelawatta Colony'),
(1948, 10, 'Pathahewaheta', 'Galthenna'),
(1949, 15, 'Pathahewaheta', 'Wathuliyadda'),
(1950, 20, 'Pathahewaheta', 'Monarangala'),
(1951, 25, 'Pathahewaheta', 'Nehiniwela'),
(1952, 30, 'Pathahewaheta', 'Godompitiya'),
(1953, 35, 'Pathahewaheta', 'Hippola'),
(1954, 40, 'Pathahewaheta', 'Kossinna'),
(1955, 45, 'Pathahewaheta', 'Thalathuoya  West'),
(1956, 50, 'Pathahewaheta', 'Pussathenna'),
(1957, 55, 'Pathahewaheta', 'Pinnagolla'),
(1958, 60, 'Pathahewaheta', 'Sigharagama'),
(1959, 65, 'Pathahewaheta', 'Haragama'),
(1960, 70, 'Pathahewaheta', 'Kapuliyadda East'),
(1961, 75, 'Pathahewaheta', 'Kapuliyadda West'),
(1962, 80, 'Pathahewaheta', 'Doolmure'),
(1963, 85, 'Pathahewaheta', 'Bootawatta North'),
(1964, 90, 'Pathahewaheta', 'Thalathuoya  East'),
(1965, 95, 'Pathahewaheta', 'Ankelipitiya'),
(1966, 100, 'Pathahewaheta', 'Batagalla'),
(1967, 105, 'Pathahewaheta', 'Ethulgama East'),
(1968, 110, 'Pathahewaheta', 'Ethulgama North'),
(1969, 115, 'Pathahewaheta', 'Uduwela Pallegama East'),
(1970, 120, 'Pathahewaheta', 'Udawela Pallegama West'),
(1971, 125, 'Pathahewaheta', 'Uduwela Pallegama South'),
(1972, 130, 'Pathahewaheta', 'Uduwela Udagama West'),
(1973, 135, 'Pathahewaheta', 'Uduwela Udagama East'),
(1974, 140, 'Pathahewaheta', 'Ratemulla'),
(1975, 145, 'Pathahewaheta', 'Pooliyadda'),
(1976, 150, 'Pathahewaheta', 'Ethulgama West'),
(1977, 155, 'Pathahewaheta', 'Ethulgama South'),
(1978, 160, 'Pathahewaheta', 'Haputhale Egodagama'),
(1979, 165, 'Pathahewaheta', 'Haputhale Udagama'),
(1980, 170, 'Pathahewaheta', 'Moragolla'),
(1981, 175, 'Pathahewaheta', 'Haputhale Pallegama'),
(1982, 180, 'Pathahewaheta', 'Nugaliyadda Ihala'),
(1983, 185, 'Pathahewaheta', 'Nugaliyadda Pahala'),
(1984, 190, 'Pathahewaheta', 'Bootawatta South'),
(1985, 195, 'Pathahewaheta', 'Godamunna West'),
(1986, 200, 'Pathahewaheta', 'Narangasthenna'),
(1987, 205, 'Pathahewaheta', 'Godalawela'),
(1988, 210, 'Pathahewaheta', 'Bolepa'),
(1989, 215, 'Pathahewaheta', 'Pathamailapitiya South'),
(1990, 220, 'Pathahewaheta', 'Pathamailapitiya North'),
(1991, 225, 'Pathahewaheta', 'Udamailapitiya North'),
(1992, 230, 'Pathahewaheta', 'Damunugolla'),
(1993, 235, 'Pathahewaheta', 'Marassana'),
(1994, 240, 'Pathahewaheta', 'Medadeniya'),
(1995, 245, 'Pathahewaheta', 'Welegama'),
(1996, 250, 'Pathahewaheta', 'Godamunna East'),
(1997, 255, 'Pathahewaheta', 'Letiyagolla'),
(1998, 260, 'Pathahewaheta', 'Sriyagama'),
(1999, 265, 'Pathahewaheta', 'Medagama Udagama'),
(2000, 270, 'Pathahewaheta', 'Medagama Pallegama'),
(2001, 275, 'Pathahewaheta', 'Kandewela'),
(2002, 280, 'Pathahewaheta', 'Elikewela'),
(2003, 285, 'Pathahewaheta', 'Meeruppa'),
(2004, 290, 'Pathahewaheta', 'Kethigannawela'),
(2005, 295, 'Pathahewaheta', 'Udamailapitiya South'),
(2006, 300, 'Pathahewaheta', 'Galagoda'),
(2007, 305, 'Pathahewaheta', 'Hewavissa East'),
(2008, 310, 'Pathahewaheta', 'Hewavissa West'),
(2009, 315, 'Pathahewaheta', 'Bawlana'),
(2010, 320, 'Pathahewaheta', 'Oluwawatta'),
(2011, 325, 'Pathahewaheta', 'Kiriwanagoda'),
(2012, 330, 'Pathahewaheta', 'Ududeniya Madihe'),
(2013, 335, 'Pathahewaheta', 'Unuvinna East'),
(2014, 340, 'Pathahewaheta', 'Unuvinna West'),
(2015, 345, 'Pathahewaheta', 'Ududeniya'),
(2016, 350, 'Pathahewaheta', 'Bopitiya'),
(2017, 355, 'Pathahewaheta', 'Pothgoda'),
(2018, 360, 'Pathahewaheta', 'Kahambiliyawa'),
(2019, 365, 'Pathahewaheta', 'Nilawala'),
(2020, 5, 'Delthota', 'Perawatta West'),
(2021, 10, 'Delthota', 'Perawatta East'),
(2022, 15, 'Delthota', 'Palugama'),
(2023, 20, 'Delthota', 'Udadelthota'),
(2024, 25, 'Delthota', 'Galaha'),
(2025, 30, 'Delthota', 'Suduwella'),
(2026, 35, 'Delthota', 'Greatweliya'),
(2027, 40, 'Delthota', 'Bawlanawatta Janapadaya'),
(2028, 45, 'Delthota', 'Maussawa'),
(2029, 50, 'Delthota', 'Wanahapuwa'),
(2030, 55, 'Delthota', 'Bopitiya Nagaraya'),
(2031, 60, 'Delthota', 'Medakekila'),
(2032, 65, 'Delthota', 'Karagaskada South'),
(2033, 70, 'Delthota', 'Karagaskada North'),
(2034, 75, 'Delthota', 'Gonangoda'),
(2035, 80, 'Delthota', 'Kandegama'),
(2036, 85, 'Delthota', 'Watakepotha'),
(2037, 90, 'Delthota', 'Pattiyagama Pallegama'),
(2038, 95, 'Delthota', 'Kirawanaketiya'),
(2039, 100, 'Delthota', 'Kolambissa West'),
(2040, 105, 'Delthota', 'Murapola West'),
(2041, 110, 'Delthota', 'Murapola East'),
(2042, 115, 'Delthota', 'Kolambissa East'),
(2043, 120, 'Delthota', 'Nawaneliya'),
(2044, 125, 'Delthota', 'Kotagepitiya'),
(2045, 130, 'Delthota', 'Wadiyagoda'),
(2046, 135, 'Delthota', 'Pattiyagama Udagama'),
(2047, 140, 'Delthota', 'Pattiyagama Gabadama North'),
(2048, 145, 'Delthota', 'Pattiyagama Gabadama South'),
(2049, 5, 'Udapalatha', 'Egoda Kalugamuwa'),
(2050, 10, 'Udapalatha', 'Udovita'),
(2051, 15, 'Udapalatha', 'Kirinda'),
(2052, 20, 'Udapalatha', 'Galgediyawa'),
(2053, 25, 'Udapalatha', 'Ranawala'),
(2054, 30, 'Udapalatha', 'Bowala'),
(2055, 35, 'Udapalatha', 'Rathmalkaduwa'),
(2056, 40, 'Udapalatha', 'Hapugaspitiya'),
(2057, 45, 'Udapalatha', 'Unambuwa'),
(2058, 50, 'Udapalatha', 'Ilangawatta'),
(2059, 55, 'Udapalatha', 'Kahatapitiya'),
(2060, 60, 'Udapalatha', 'Bothalapitiya'),
(2061, 65, 'Udapalatha', 'Gampola East'),
(2062, 70, 'Udapalatha', 'Mount Temple'),
(2063, 75, 'Udapalatha', 'Keerapane'),
(2064, 80, 'Udapalatha', 'Sinhapitiya North'),
(2065, 85, 'Udapalatha', 'Sinhapitiya South'),
(2066, 90, 'Udapalatha', 'Gampola West'),
(2067, 95, 'Udapalatha', 'Polkumbura'),
(2068, 100, 'Udapalatha', 'Illawathura'),
(2069, 105, 'Udapalatha', 'Angammana East'),
(2070, 110, 'Udapalatha', 'Angammana West'),
(2071, 115, 'Udapalatha', 'Eragoda'),
(2072, 120, 'Udapalatha', 'Kurukude'),
(2073, 125, 'Udapalatha', 'Kudamake'),
(2074, 130, 'Udapalatha', 'Godagama'),
(2075, 135, 'Udapalatha', 'Jayamalapuraya'),
(2076, 140, 'Udapalatha', 'Amunupuraya'),
(2077, 145, 'Udapalatha', 'Wattehena'),
(2078, 150, 'Udapalatha', 'Millagaspitiya'),
(2079, 155, 'Udapalatha', 'Udagama'),
(2080, 160, 'Udapalatha', 'Hunukotugama'),
(2081, 165, 'Udapalatha', 'Dunukeulla'),
(2082, 170, 'Udapalatha', 'Wanahapuwa'),
(2083, 175, 'Udapalatha', 'Ihalagama'),
(2084, 180, 'Udapalatha', 'Paradeka'),
(2085, 185, 'Udapalatha', 'Amuhena'),
(2086, 190, 'Udapalatha', 'Delpitiya'),
(2087, 195, 'Udapalatha', 'Nawa Devita'),
(2088, 200, 'Udapalatha', 'Galatha'),
(2089, 205, 'Udapalatha', 'Pallegama'),
(2090, 210, 'Udapalatha', 'Pussellawa'),
(2091, 215, 'Udapalatha', 'Wahugapitiya'),
(2092, 220, 'Udapalatha', 'Pussellawagama'),
(2093, 225, 'Udapalatha', 'Doragala'),
(2094, 230, 'Udapalatha', 'Kekulanda'),
(2095, 235, 'Udapalatha', 'Weliganga'),
(2096, 240, 'Udapalatha', 'Kalugalhinna'),
(2097, 245, 'Udapalatha', 'Mawathura'),
(2098, 5, 'Ganga Ihala Korale', 'Kohowala'),
(2099, 10, 'Ganga Ihala Korale', 'Polmalagama'),
(2100, 15, 'Ganga Ihala Korale', 'Galpaya'),
(2101, 20, 'Ganga Ihala Korale', 'Herakola'),
(2102, 25, 'Ganga Ihala Korale', 'Wallahagoda'),
(2103, 30, 'Ganga Ihala Korale', 'Maligapurana'),
(2104, 35, 'Ganga Ihala Korale', 'Gampolawela'),
(2105, 40, 'Ganga Ihala Korale', 'Ethgala North'),
(2106, 45, 'Ganga Ihala Korale', 'Thembiligala'),
(2107, 50, 'Ganga Ihala Korale', 'Pellapitiya North'),
(2108, 55, 'Ganga Ihala Korale', 'Mallwattagama'),
(2109, 60, 'Ganga Ihala Korale', 'Giraulla'),
(2110, 65, 'Ganga Ihala Korale', 'Karagala'),
(2111, 70, 'Ganga Ihala Korale', 'Watakedeniya'),
(2112, 75, 'Ganga Ihala Korale', 'Uduwella'),
(2113, 80, 'Ganga Ihala Korale', 'Patithalawa'),
(2114, 85, 'Ganga Ihala Korale', 'Kelly Group'),
(2115, 90, 'Ganga Ihala Korale', 'Alugolla'),
(2116, 95, 'Ganga Ihala Korale', 'Gamunupura'),
(2117, 100, 'Ganga Ihala Korale', 'Yatapana'),
(2118, 105, 'Ganga Ihala Korale', 'Pellapitiya South'),
(2119, 110, 'Ganga Ihala Korale', 'Ulapane North'),
(2120, 115, 'Ganga Ihala Korale', 'Udagama'),
(2121, 120, 'Ganga Ihala Korale', 'Ethgala West'),
(2122, 125, 'Ganga Ihala Korale', 'Ethgala  East'),
(2123, 130, 'Ganga Ihala Korale', 'Sinhapura'),
(2124, 135, 'Ganga Ihala Korale', 'Ulapane South'),
(2125, 140, 'Ganga Ihala Korale', 'Pitakanda'),
(2126, 145, 'Ganga Ihala Korale', 'Udahenthenna'),
(2127, 150, 'Ganga Ihala Korale', 'Rakshawa'),
(2128, 155, 'Ganga Ihala Korale', 'Miyanagolla'),
(2129, 5, 'Pasbage Korale', 'Pallegama'),
(2130, 10, 'Pasbage Korale', 'Warakawa'),
(2131, 15, 'Pasbage Korale', 'Weligodawatta'),
(2132, 20, 'Pasbage Korale', 'Dandubendiruppa'),
(2133, 25, 'Pasbage Korale', 'Penithuduwa'),
(2134, 30, 'Pasbage Korale', 'Phala Rambukpitiya'),
(2135, 35, 'Pasbage Korale', 'Uda Rambukpitiya'),
(2136, 40, 'Pasbage Korale', 'Balanthota north'),
(2137, 45, 'Pasbage Korale', 'Weligampala'),
(2138, 50, 'Pasbage Korale', 'Karahandungala'),
(2139, 55, 'Pasbage Korale', 'Nawalapitiya South'),
(2140, 60, 'Pasbage Korale', 'Nawalapitiya North'),
(2141, 65, 'Pasbage Korale', 'Nawalapitiya West'),
(2142, 70, 'Pasbage Korale', 'Nawalapitiya East'),
(2143, 75, 'Pasbage Korale', 'Imbulpitiya'),
(2144, 80, 'Pasbage Korale', 'Greenwood'),
(2145, 85, 'Pasbage Korale', 'Bawwagama'),
(2146, 90, 'Pasbage Korale', 'Kendopitiya'),
(2147, 95, 'Pasbage Korale', 'Aluthgama'),
(2148, 100, 'Pasbage Korale', 'Balanthota South'),
(2149, 105, 'Pasbage Korale', 'Dekinda'),
(2150, 110, 'Pasbage Korale', 'Mapakanda North'),
(2151, 115, 'Pasbage Korale', 'Inguruoya North'),
(2152, 120, 'Pasbage Korale', 'Kadiyanlena'),
(2153, 125, 'Pasbage Korale', 'Westhole'),
(2154, 130, 'Pasbage Korale', 'Inguruoya South'),
(2155, 135, 'Pasbage Korale', 'Mapakanda South'),
(2156, 140, 'Pasbage Korale', 'Wewegama'),
(2157, 145, 'Pasbage Korale', 'Hydry'),
(2158, 5, 'Colombo', 'Sammanthranapura'),
(2159, 10, 'Colombo', 'Mattakkuliya'),
(2160, 15, 'Colombo', 'Modara'),
(2161, 20, 'Colombo', 'Madampitiya'),
(2162, 25, 'Colombo', 'Mahawatta'),
(2163, 30, 'Colombo', 'Aluthmawatha'),
(2164, 35, 'Colombo', 'Lunupokuna'),
(2165, 40, 'Colombo', 'Bloemendhal'),
(2166, 45, 'Colombo', 'Kotahena East'),
(2167, 50, 'Colombo', 'Kotahena West'),
(2168, 55, 'Colombo', 'Kochchikade North'),
(2169, 60, 'Colombo', 'Jinthupitiya'),
(2170, 65, 'Colombo', 'Massangar Street'),
(2171, 70, 'Colombo', 'New Bazaar'),
(2172, 75, 'Colombo', 'Grandpass South'),
(2173, 80, 'Colombo', 'Grandpass North'),
(2174, 85, 'Colombo', 'Nawagampura'),
(2175, 90, 'Colombo', 'Maligawatta East'),
(2176, 95, 'Colombo', 'Kettarama'),
(2177, 100, 'Colombo', 'Aluthkade East'),
(2178, 105, 'Colombo', 'Aluthkade West'),
(2179, 110, 'Colombo', 'Kochchikade South'),
(2180, 115, 'Colombo', 'Pettah'),
(2181, 120, 'Colombo', 'Fort'),
(2182, 125, 'Colombo', 'Galle Face'),
(2183, 130, 'Colombo', 'Slave Island'),
(2184, 135, 'Colombo', 'Hunupitiya'),
(2185, 140, 'Colombo', 'Suduwella'),
(2186, 145, 'Colombo', 'Keselwatta'),
(2187, 150, 'Colombo', 'Panchikawatta'),
(2188, 155, 'Colombo', 'Maligawatta West'),
(2189, 160, 'Colombo', 'Maligakanda'),
(2190, 165, 'Colombo', 'Maradana'),
(2191, 170, 'Colombo', 'Ibbanwala'),
(2192, 175, 'Colombo', 'Wekanda'),
(2193, 5, 'Kolonnawa', 'Wadulla'),
(2194, 10, 'Kolonnawa', 'Sedawatta'),
(2195, 15, 'Kolonnawa', 'Halmulla'),
(2196, 20, 'Kolonnawa', 'Kotuvila'),
(2197, 25, 'Kolonnawa', 'Veheragoda'),
(2198, 30, 'Kolonnawa', 'Orugodawatta'),
(2199, 35, 'Kolonnawa', 'Meethotamulla'),
(2200, 40, 'Kolonnawa', 'Welewaththa'),
(2201, 45, 'Kolonnawa', 'Kiththampahuwa'),
(2202, 50, 'Kolonnawa', 'Wennawatta'),
(2203, 55, 'Kolonnawa', 'Mahabuthgamuwa B'),
(2204, 60, 'Kolonnawa', 'Kuda Buthgamuwa'),
(2205, 65, 'Kolonnawa', 'Kelanimulla'),
(2206, 70, 'Kolonnawa', 'Ambathale'),
(2207, 75, 'Kolonnawa', 'Mulleriyawa North'),
(2208, 80, 'Kolonnawa', 'Belagama'),
(2209, 85, 'Kolonnawa', 'Kotikawatta East'),
(2210, 90, 'Kolonnawa', 'Maha Buthgamuwa A'),
(2211, 95, 'Kolonnawa', 'Maha Buthgamuwa C'),
(2212, 100, 'Kolonnawa', 'Wellampitiya'),
(2213, 105, 'Kolonnawa', 'Kuriniyawatta'),
(2214, 110, 'Kolonnawa', 'Kolonnawa'),
(2215, 115, 'Kolonnawa', 'Dahampura'),
(2216, 120, 'Kolonnawa', 'Singhapura'),
(2217, 125, 'Kolonnawa', 'Megoda Kolonnawa'),
(2218, 130, 'Kolonnawa', 'Bopeththa'),
(2219, 135, 'Kolonnawa', 'Batalandahena'),
(2220, 140, 'Kolonnawa', 'Kotikawatta West'),
(2221, 145, 'Kolonnawa', 'Mulleriyawa South'),
(2222, 150, 'Kolonnawa', 'Malgama'),
(2223, 155, 'Kolonnawa', 'Udumulla North'),
(2224, 160, 'Kolonnawa', 'Maligagodella'),
(2225, 165, 'Kolonnawa', 'Rajasinghagama'),
(2226, 170, 'Kolonnawa', 'Udumulla South'),
(2227, 175, 'Kolonnawa', 'Himbutana East'),
(2228, 180, 'Kolonnawa', 'Himbutana West'),
(2229, 185, 'Kolonnawa', 'Malpura'),
(2230, 190, 'Kolonnawa', 'Gothatuwa New Town'),
(2231, 195, 'Kolonnawa', 'Kajugahawatta'),
(2232, 200, 'Kolonnawa', 'Gothatuwa'),
(2233, 205, 'Kolonnawa', 'Salamulla'),
(2234, 210, 'Kolonnawa', 'Wijayapura'),
(2235, 215, 'Kolonnawa', 'Gajabapura'),
(2236, 220, 'Kolonnawa', 'Madinnagoda'),
(2237, 225, 'Kolonnawa', 'Elhena'),
(2238, 230, 'Kolonnawa', 'Dodamgahahena'),
(2239, 5, 'Kaduwela', 'Welivita'),
(2240, 10, 'Kaduwela', 'Raggahawatta'),
(2241, 15, 'Kaduwela', 'Hewagama'),
(2242, 20, 'Kaduwela', 'Kaduwela'),
(2243, 25, 'Kaduwela', 'Pahala Bomiriya'),
(2244, 30, 'Kaduwela', 'Ihala Bomiriya'),
(2245, 35, 'Kaduwela', 'Wekewatta'),
(2246, 40, 'Kaduwela', 'Nawagamuwa'),
(2247, 45, 'Kaduwela', 'Pahala Bomiriya B'),
(2248, 50, 'Kaduwela', 'Welihinda'),
(2249, 55, 'Kaduwela', 'Kothalawala'),
(2250, 60, 'Kaduwela', 'Mahadeniya'),
(2251, 65, 'Kaduwela', 'Thalahena North'),
(2252, 70, 'Kaduwela', 'Malabe North'),
(2253, 75, 'Kaduwela', 'Thunadahena'),
(2254, 80, 'Kaduwela', 'Korathota'),
(2255, 85, 'Kaduwela', 'Nawagamuwa South'),
(2256, 90, 'Kaduwela', 'Batewela'),
(2257, 95, 'Kaduwela', 'Ranala'),
(2258, 100, 'Kaduwela', 'Dedigamuwa'),
(2259, 105, 'Kaduwela', 'Embilladeniya'),
(2260, 110, 'Kaduwela', 'Welipillewa'),
(2261, 115, 'Kaduwela', 'Shanthalokagama'),
(2262, 120, 'Kaduwela', 'Pore'),
(2263, 125, 'Kaduwela', 'Malabe East'),
(2264, 130, 'Kaduwela', 'Malabe West'),
(2265, 135, 'Kaduwela', 'Thalangama North B'),
(2266, 140, 'Kaduwela', 'Thalahena South'),
(2267, 145, 'Kaduwela', 'Muttettugoda'),
(2268, 150, 'Kaduwela', 'Thalangama North A'),
(2269, 155, 'Kaduwela', 'Walpola'),
(2270, 160, 'Kaduwela', 'Kalapaluwawa'),
(2271, 165, 'Kaduwela', 'Kotuwegoda'),
(2272, 170, 'Kaduwela', 'Subhoothipura'),
(2273, 175, 'Kaduwela', 'Udumulla'),
(2274, 180, 'Kaduwela', 'Battaramulla North'),
(2275, 185, 'Kaduwela', 'Batapotha'),
(2276, 190, 'Kaduwela', 'Pothuarawa'),
(2277, 195, 'Kaduwela', 'Hokandara North'),
(2278, 200, 'Kaduwela', 'Oruwala'),
(2279, 205, 'Kaduwela', 'Athurugiriya'),
(2280, 210, 'Kaduwela', 'Thaldiyawala'),
(2281, 215, 'Kaduwela', 'Boralugoda'),
(2282, 220, 'Kaduwela', 'Hokandara East'),
(2283, 225, 'Kaduwela', 'Arangala'),
(2284, 230, 'Kaduwela', 'Evarihena'),
(2285, 235, 'Kaduwela', 'Kumaragewatta'),
(2286, 240, 'Kaduwela', 'Jayawadanagama'),
(2287, 245, 'Kaduwela', 'Aruppitiya'),
(2288, 250, 'Kaduwela', 'Asiri Uyana'),
(2289, 255, 'Kaduwela', 'Battaramulla South'),
(2290, 260, 'Kaduwela', 'Rajamalwatta'),
(2291, 265, 'Kaduwela', 'Pahalawela'),
(2292, 270, 'Kaduwela', 'Wickramasinghapura'),
(2293, 275, 'Kaduwela', 'Wellangiriya'),
(2294, 280, 'Kaduwela', 'Hokandara South'),
(2295, 285, 'Kaduwela', 'Athurugiriya South'),
(2296, 5, 'Homagama', 'Jalthara'),
(2297, 10, 'Homagama', 'Henpita'),
(2298, 15, 'Homagama', 'Atigala West'),
(2299, 20, 'Homagama', 'Atigala East'),
(2300, 25, 'Homagama', 'Batawala'),
(2301, 30, 'Homagama', 'Walpita'),
(2302, 35, 'Homagama', 'Nawalamulla'),
(2303, 40, 'Homagama', 'Meegasmulla'),
(2304, 45, 'Homagama', 'Habarakada North'),
(2305, 50, 'Homagama', 'Mullegama North'),
(2306, 55, 'Homagama', 'Mullegama South'),
(2307, 60, 'Homagama', 'Habarakada South'),
(2308, 65, 'Homagama', 'Panagoda Town'),
(2309, 70, 'Homagama', 'Henawatta'),
(2310, 75, 'Homagama', 'Meegoda North'),
(2311, 80, 'Homagama', 'Panaluwa'),
(2312, 85, 'Homagama', 'Watareka North'),
(2313, 90, 'Homagama', 'Meegoda South'),
(2314, 95, 'Homagama', 'Godagama North'),
(2315, 100, 'Homagama', 'Panagoda West'),
(2316, 105, 'Homagama', 'Panagoda East'),
(2317, 110, 'Homagama', 'Habarakada Watta'),
(2318, 115, 'Homagama', 'Homagama North'),
(2319, 120, 'Homagama', 'Homagama West'),
(2320, 125, 'Homagama', 'Homagama South'),
(2321, 130, 'Homagama', 'Galavilawatta North'),
(2322, 135, 'Homagama', 'Homagama Town'),
(2323, 140, 'Homagama', 'Homagama East'),
(2324, 145, 'Homagama', 'Pitipana Town'),
(2325, 150, 'Homagama', 'Godagama South'),
(2326, 155, 'Homagama', 'Kurunduwatta'),
(2327, 160, 'Homagama', 'Gehenuwala'),
(2328, 165, 'Homagama', 'Watareka South'),
(2329, 170, 'Homagama', 'Ovitigama'),
(2330, 175, 'Homagama', 'Kandhanawatta'),
(2331, 180, 'Homagama', 'Kiriberiyakele'),
(2332, 185, 'Homagama', 'Mawathagama'),
(2333, 190, 'Homagama', 'Katuwana'),
(2334, 195, 'Homagama', 'Galavilawatta South'),
(2335, 200, 'Homagama', 'Niyadagala'),
(2336, 205, 'Homagama', 'Hiripitiya'),
(2337, 210, 'Homagama', 'Mambulgoda'),
(2338, 215, 'Homagama', 'Kithulhena'),
(2339, 220, 'Homagama', 'Siddamulla North'),
(2340, 225, 'Homagama', 'Siddamulla South'),
(2341, 230, 'Homagama', 'Mattegoda West'),
(2342, 235, 'Homagama', 'Mattegoda Central  A'),
(2343, 240, 'Homagama', 'Mattegoda East'),
(2344, 245, 'Homagama', 'Brahmanagama'),
(2345, 250, 'Homagama', 'Deepangoda'),
(2346, 255, 'Homagama', 'Magammana West'),
(2347, 260, 'Homagama', 'Magammana East'),
(2348, 265, 'Homagama', 'Uduwana'),
(2349, 270, 'Homagama', 'Prasannapura'),
(2350, 275, 'Homagama', 'Pitipana North'),
(2351, 280, 'Homagama', 'Suwapubudugama'),
(2352, 285, 'Homagama', 'Pitipana South'),
(2353, 290, 'Homagama', 'Dolahena'),
(2354, 295, 'Homagama', 'Diyagama East'),
(2355, 300, 'Homagama', 'Diyagama West'),
(2356, 305, 'Homagama', 'Kirigampamunuwa'),
(2357, 310, 'Homagama', 'Mattegoda Central B'),
(2358, 315, 'Homagama', 'Siyambalagoda North'),
(2359, 320, 'Homagama', 'Kudamaduwa'),
(2360, 325, 'Homagama', 'Sangarama'),
(2361, 330, 'Homagama', 'Siyambalagoda South'),
(2362, 335, 'Homagama', 'Rilawala'),
(2363, 340, 'Homagama', 'Kahathuduwa West'),
(2364, 345, 'Homagama', 'Kiriwattuduwa South'),
(2365, 350, 'Homagama', 'Kiriwattuduwa North'),
(2366, 355, 'Homagama', 'Moonamale - Yakahaluwa'),
(2367, 360, 'Homagama', 'Kithulavila'),
(2368, 365, 'Homagama', 'Kahathuduwa North'),
(2369, 370, 'Homagama', 'Kahathuduwa East'),
(2370, 375, 'Homagama', 'Kahathuduwa South'),
(2371, 380, 'Homagama', 'Undurugoda'),
(2372, 385, 'Homagama', 'Wethara'),
(2373, 390, 'Homagama', 'Ambalangoda'),
(2374, 395, 'Homagama', 'Heraliyawala'),
(2375, 400, 'Homagama', 'Palagama'),
(2376, 405, 'Homagama', 'Weniwelkola'),
(2377, 5, 'Seethawaka (Hanwella)', 'Bollathawa'),
(2378, 10, 'Seethawaka (Hanwella)', 'Kanampella West'),
(2379, 15, 'Seethawaka (Hanwella)', 'Kanampella East'),
(2380, 20, 'Seethawaka (Hanwella)', 'Manakada'),
(2381, 25, 'Seethawaka (Hanwella)', 'Eswatta North'),
(2382, 30, 'Seethawaka (Hanwella)', 'Kiriwandala North'),
(2383, 35, 'Seethawaka (Hanwella)', 'Kudagama'),
(2384, 40, 'Seethawaka (Hanwella)', 'Weralupitiya'),
(2385, 45, 'Seethawaka (Hanwella)', 'Seethagama'),
(2386, 50, 'Seethawaka (Hanwella)', 'Avissawella'),
(2387, 55, 'Seethawaka (Hanwella)', 'Ukwatta'),
(2388, 60, 'Seethawaka (Hanwella)', 'Agra place'),
(2389, 65, 'Seethawaka (Hanwella)', 'Eswatta South'),
(2390, 70, 'Seethawaka (Hanwella)', 'Ihala Kosgama North'),
(2391, 75, 'Seethawaka (Hanwella)', 'Thawalgoda'),
(2392, 80, 'Seethawaka (Hanwella)', 'Muruthagama'),
(2393, 85, 'Seethawaka (Hanwella)', 'Akaravita'),
(2394, 90, 'Seethawaka (Hanwella)', 'Kahatapitiya'),
(2395, 95, 'Seethawaka (Hanwella)', 'Kalu Aggala'),
(2396, 100, 'Seethawaka (Hanwella)', 'Salawa'),
(2397, 105, 'Seethawaka (Hanwella)', 'Pahala Kosagama West'),
(2398, 110, 'Seethawaka (Hanwella)', 'Pahala Kosgama East'),
(2399, 115, 'Seethawaka (Hanwella)', 'Ihala Kosgama South'),
(2400, 120, 'Seethawaka (Hanwella)', 'Miriswatta'),
(2401, 125, 'Seethawaka (Hanwella)', 'Aluth Ambalama'),
(2402, 130, 'Seethawaka (Hanwella)', 'Kiriwandala South'),
(2403, 135, 'Seethawaka (Hanwella)', 'Kotahera'),
(2404, 140, 'Seethawaka (Hanwella)', 'Seethawaka'),
(2405, 145, 'Seethawaka (Hanwella)', 'Aradhana Kanda'),
(2406, 150, 'Seethawaka (Hanwella)', 'Puwakpitiya South'),
(2407, 155, 'Seethawaka (Hanwella)', 'Puwakpitiya'),
(2408, 160, 'Seethawaka (Hanwella)', 'Egodagama'),
(2409, 165, 'Seethawaka (Hanwella)', 'Weragolla North'),
(2410, 170, 'Seethawaka (Hanwella)', 'Hingurala'),
(2411, 175, 'Seethawaka (Hanwella)', 'Kadugoada North'),
(2412, 180, 'Seethawaka (Hanwella)', 'Mawalgama'),
(2413, 185, 'Seethawaka (Hanwella)', 'Suduwella'),
(2414, 190, 'Seethawaka (Hanwella)', 'Gira Imbula'),
(2415, 195, 'Seethawaka (Hanwella)', 'Walauwathta'),
(2416, 200, 'Seethawaka (Hanwella)', 'Pahala Hanwella'),
(2417, 205, 'Seethawaka (Hanwella)', 'Hanwella Town'),
(2418, 210, 'Seethawaka (Hanwella)', 'Ihala Hanwella North'),
(2419, 215, 'Seethawaka (Hanwella)', 'Niripola'),
(2420, 220, 'Seethawaka (Hanwella)', 'Brandigampala'),
(2421, 225, 'Seethawaka (Hanwella)', 'Kadugoda South'),
(2422, 230, 'Seethawaka (Hanwella)', 'Weragolla South'),
(2423, 235, 'Seethawaka (Hanwella)', 'Digana'),
(2424, 240, 'Seethawaka (Hanwella)', 'Lahirugama'),
(2425, 245, 'Seethawaka (Hanwella)', 'Mabula'),
(2426, 250, 'Seethawaka (Hanwella)', 'Welikanna'),
(2427, 255, 'Seethawaka (Hanwella)', 'Kahahena'),
(2428, 260, 'Seethawaka (Hanwella)', 'Neluwattuduwa'),
(2429, 265, 'Seethawaka (Hanwella)', 'Diddeniya North'),
(2430, 270, 'Seethawaka (Hanwella)', 'Ihala Hanwella South'),
(2431, 275, 'Seethawaka (Hanwella)', 'Pahathgama'),
(2432, 280, 'Seethawaka (Hanwella)', 'Jayaweeragoda'),
(2433, 285, 'Seethawaka (Hanwella)', 'Koodaluvila'),
(2434, 290, 'Seethawaka (Hanwella)', 'Thunnana East'),
(2435, 295, 'Seethawaka (Hanwella)', 'Diddeniya South'),
(2436, 300, 'Seethawaka (Hanwella)', 'Elamalawala'),
(2437, 305, 'Seethawaka (Hanwella)', 'Ilukovita'),
(2438, 310, 'Seethawaka (Hanwella)', 'Koswatta'),
(2439, 315, 'Seethawaka (Hanwella)', 'Pagnagula'),
(2440, 320, 'Seethawaka (Hanwella)', 'Pelpola'),
(2441, 325, 'Seethawaka (Hanwella)', 'Kudakanda'),
(2442, 330, 'Seethawaka (Hanwella)', 'Thunnana West'),
(2443, 335, 'Seethawaka (Hanwella)', 'Mawathagama West'),
(2444, 340, 'Seethawaka (Hanwella)', 'Mawathagama East'),
(2445, 5, 'Padukka', 'Pinnawala North'),
(2446, 10, 'Padukka', 'Pinnawala South'),
(2447, 15, 'Padukka', 'Waga North'),
(2448, 20, 'Padukka', 'Waga East'),
(2449, 25, 'Padukka', 'Thummodara'),
(2450, 30, 'Padukka', 'Waga South'),
(2451, 35, 'Padukka', 'Siyambalawa'),
(2452, 40, 'Padukka', 'Pahala Bope'),
(2453, 45, 'Padukka', 'Halpe'),
(2454, 50, 'Padukka', 'Waga West'),
(2455, 55, 'Padukka', 'Uggalla'),
(2456, 60, 'Padukka', 'Wewelpanawa'),
(2457, 65, 'Padukka', 'Pitumpe North'),
(2458, 70, 'Padukka', 'Pitumpe South'),
(2459, 75, 'Padukka', 'Galagedara East'),
(2460, 80, 'Padukka', 'Galagedara North'),
(2461, 85, 'Padukka', 'Galagedara South'),
(2462, 90, 'Padukka', 'Padukka'),
(2463, 95, 'Padukka', 'Arukwatta North'),
(2464, 100, 'Padukka', 'Arukwatta South'),
(2465, 105, 'Padukka', 'Ganegoda'),
(2466, 110, 'Padukka', 'Angampitiya'),
(2467, 115, 'Padukka', 'Weragala'),
(2468, 120, 'Padukka', 'Angamuwa'),
(2469, 125, 'Padukka', 'Udumulla'),
(2470, 130, 'Padukka', 'Poregedara'),
(2471, 135, 'Padukka', 'Pahala Padukka'),
(2472, 140, 'Padukka', 'Liyanwala'),
(2473, 145, 'Padukka', 'Kurugala'),
(2474, 150, 'Padukka', 'Madulawa South'),
(2475, 155, 'Padukka', 'Madulawa North'),
(2476, 160, 'Padukka', 'Horakandawala');
INSERT INTO `tbl_list_gnd` (`id`, `gnd_id`, `division_name`, `gnd_name`) VALUES
(2477, 165, 'Padukka', 'Dampe'),
(2478, 170, 'Padukka', 'Beruketiya'),
(2479, 175, 'Padukka', 'Horagala West'),
(2480, 180, 'Padukka', 'Horagala East'),
(2481, 185, 'Padukka', 'Beliattavila'),
(2482, 190, 'Padukka', 'Miriyagalla'),
(2483, 195, 'Padukka', 'Malagala'),
(2484, 200, 'Padukka', 'Kahawala'),
(2485, 205, 'Padukka', 'Yatawathura'),
(2486, 210, 'Padukka', 'Mahingala'),
(2487, 215, 'Padukka', 'Ihala Bope'),
(2488, 220, 'Padukka', 'Gurulana'),
(2489, 225, 'Padukka', 'Udagama'),
(2490, 230, 'Padukka', 'Dabora'),
(2491, 5, 'Maharagama', 'Mirihana South'),
(2492, 10, 'Maharagama', 'Mirihana North'),
(2493, 15, 'Maharagama', 'Madiwela'),
(2494, 20, 'Maharagama', 'Thalawathugoda West'),
(2495, 25, 'Maharagama', 'Thalawathugoda East'),
(2496, 30, 'Maharagama', 'Kalalgoda'),
(2497, 35, 'Maharagama', 'Kottawa East'),
(2498, 40, 'Maharagama', 'Rukmale West'),
(2499, 45, 'Maharagama', 'Rukmale East A'),
(2500, 50, 'Maharagama', 'Rukmale East B'),
(2501, 55, 'Maharagama', 'Liyanagoda'),
(2502, 60, 'Maharagama', 'Kottawa North'),
(2503, 65, 'Maharagama', 'Depanama'),
(2504, 70, 'Maharagama', 'Polwatta'),
(2505, 75, 'Maharagama', 'Pamunuwa'),
(2506, 80, 'Maharagama', 'Thalapathpitiya'),
(2507, 85, 'Maharagama', 'Pragathipura'),
(2508, 90, 'Maharagama', 'Udahamulla East'),
(2509, 95, 'Maharagama', 'Udahamulla West'),
(2510, 100, 'Maharagama', 'Pathiragoda'),
(2511, 105, 'Maharagama', 'Maharagama East'),
(2512, 110, 'Maharagama', 'Maharagama West'),
(2513, 115, 'Maharagama', 'Dambahena'),
(2514, 120, 'Maharagama', 'Pannipitiya North'),
(2515, 125, 'Maharagama', 'Kottawa West'),
(2516, 130, 'Maharagama', 'Kottawa South'),
(2517, 135, 'Maharagama', 'Malapalla West'),
(2518, 140, 'Maharagama', 'Malapalla East'),
(2519, 145, 'Maharagama', 'Makumbura North'),
(2520, 150, 'Maharagama', 'Makumbura South'),
(2521, 155, 'Maharagama', 'Kottawa Town'),
(2522, 160, 'Maharagama', 'Pannipitiya South'),
(2523, 165, 'Maharagama', 'Maharagama Town'),
(2524, 170, 'Maharagama', 'Godigamuwa South'),
(2525, 175, 'Maharagama', 'Godigamuwa South B'),
(2526, 180, 'Maharagama', 'Godigamuwa North'),
(2527, 185, 'Maharagama', 'Wattegedara'),
(2528, 190, 'Maharagama', 'Navinna'),
(2529, 195, 'Maharagama', 'Wijerama'),
(2530, 200, 'Maharagama', 'Gangodavila South B'),
(2531, 205, 'Maharagama', 'Jambugasmulla'),
(2532, 5, 'Sri Jayawardanapura Kotte', 'Obesekarapura'),
(2533, 10, 'Sri Jayawardanapura Kotte', 'Welikada West'),
(2534, 15, 'Sri Jayawardanapura Kotte', 'Welikada East'),
(2535, 20, 'Sri Jayawardanapura Kotte', 'Rajagiriya'),
(2536, 25, 'Sri Jayawardanapura Kotte', 'Welikada North'),
(2537, 30, 'Sri Jayawardanapura Kotte', 'Nawala West'),
(2538, 35, 'Sri Jayawardanapura Kotte', 'Koswatta'),
(2539, 40, 'Sri Jayawardanapura Kotte', 'Ethulkotte West'),
(2540, 45, 'Sri Jayawardanapura Kotte', 'Ethulkotte'),
(2541, 50, 'Sri Jayawardanapura Kotte', 'Pitakotte East'),
(2542, 55, 'Sri Jayawardanapura Kotte', 'Pitakotte'),
(2543, 60, 'Sri Jayawardanapura Kotte', 'Pitakotte West'),
(2544, 65, 'Sri Jayawardanapura Kotte', 'Nawala  East'),
(2545, 70, 'Sri Jayawardanapura Kotte', 'Nugegoda West'),
(2546, 75, 'Sri Jayawardanapura Kotte', 'Pagoda'),
(2547, 80, 'Sri Jayawardanapura Kotte', 'Nugegoda'),
(2548, 85, 'Sri Jayawardanapura Kotte', 'Pagoda East'),
(2549, 90, 'Sri Jayawardanapura Kotte', 'Gangodavila North'),
(2550, 95, 'Sri Jayawardanapura Kotte', 'Gangodavila South'),
(2551, 100, 'Sri Jayawardanapura Kotte', 'Gangodavila East'),
(2552, 5, 'Thimbirigasyaya', 'Kollupitiya'),
(2553, 10, 'Thimbirigasyaya', 'Bambalapitiya'),
(2554, 15, 'Thimbirigasyaya', 'Kurunduwatta'),
(2555, 20, 'Thimbirigasyaya', 'Kuppiyawatta West'),
(2556, 25, 'Thimbirigasyaya', 'Kuppiyawatta East'),
(2557, 30, 'Thimbirigasyaya', 'Dematagoda'),
(2558, 35, 'Thimbirigasyaya', 'Wanathamulla'),
(2559, 40, 'Thimbirigasyaya', 'Borella North'),
(2560, 45, 'Thimbirigasyaya', 'Borella South'),
(2561, 50, 'Thimbirigasyaya', 'Gothamipura'),
(2562, 55, 'Thimbirigasyaya', 'Narahenpita'),
(2563, 60, 'Thimbirigasyaya', 'Thimbirigasyaya'),
(2564, 65, 'Thimbirigasyaya', 'Milagiriya'),
(2565, 70, 'Thimbirigasyaya', 'Havelock Town'),
(2566, 75, 'Thimbirigasyaya', 'Kirula'),
(2567, 80, 'Thimbirigasyaya', 'Kirulapone'),
(2568, 85, 'Thimbirigasyaya', 'Wellawatta North'),
(2569, 90, 'Thimbirigasyaya', 'Wellawatta South'),
(2570, 95, 'Thimbirigasyaya', 'Pamankada West'),
(2571, 100, 'Thimbirigasyaya', 'Pamankada East'),
(2572, 5, 'Dehiwala', 'Sri Saranankara'),
(2573, 10, 'Dehiwala', 'Vilawala'),
(2574, 15, 'Dehiwala', 'Dutugemunu'),
(2575, 20, 'Dehiwala', 'Kohuwala'),
(2576, 25, 'Dehiwala', 'Kalubowila'),
(2577, 30, 'Dehiwala', 'Hathbodhiya'),
(2578, 35, 'Dehiwala', 'Galwala'),
(2579, 40, 'Dehiwala', 'Dehiwala West'),
(2580, 45, 'Dehiwala', 'Dehiwala East'),
(2581, 50, 'Dehiwala', 'Udyanaya'),
(2582, 55, 'Dehiwala', 'Nedimala'),
(2583, 60, 'Dehiwala', 'Malwatta'),
(2584, 65, 'Dehiwala', 'Jayathilaka'),
(2585, 70, 'Dehiwala', 'Karagampitiya'),
(2586, 75, 'Dehiwala', 'Kawdana East'),
(2587, 10, 'Ratmalana', 'Kawdana West'),
(2588, 15, 'Ratmalana', 'Watarappala'),
(2589, 20, 'Ratmalana', 'Wathumulla'),
(2590, 25, 'Ratmalana', 'Katukurunduwatta'),
(2591, 30, 'Ratmalana', 'Attidiya North'),
(2592, 35, 'Ratmalana', 'Attidiya South'),
(2593, 40, 'Ratmalana', 'Piriwena'),
(2594, 45, 'Ratmalana', 'Wedikanda'),
(2595, 50, 'Ratmalana', 'Vihara'),
(2596, 55, 'Ratmalana', 'Rathmalana West'),
(2597, 60, 'Ratmalana', 'Rathmalana East'),
(2598, 65, 'Ratmalana', 'Kandawala'),
(2599, 5, 'Maharagama', 'Angulana North'),
(2600, 10, 'Maharagama', 'Kaldemulla'),
(2601, 15, 'Maharagama', 'Soysapura North'),
(2602, 20, 'Maharagama', 'Soysapura South'),
(2603, 25, 'Maharagama', 'Dahampura'),
(2604, 30, 'Maharagama', 'Thelawala North'),
(2605, 35, 'Maharagama', 'Borupana'),
(2606, 40, 'Maharagama', 'Thelawala South'),
(2607, 45, 'Maharagama', 'Lakshapathiya North'),
(2608, 50, 'Maharagama', 'Lakshapathiya Central'),
(2609, 55, 'Maharagama', 'Angulana South'),
(2610, 60, 'Maharagama', 'Uyana South'),
(2611, 65, 'Maharagama', 'Uyana North'),
(2612, 70, 'Maharagama', 'Rawathawatta South'),
(2613, 75, 'Maharagama', 'Rawathawatta East'),
(2614, 80, 'Maharagama', 'Lakshapathiya South'),
(2615, 85, 'Maharagama', 'Kuduwamulla'),
(2616, 90, 'Maharagama', 'Katubedda'),
(2617, 95, 'Maharagama', 'Molpe'),
(2618, 100, 'Maharagama', 'Moratumulla North'),
(2619, 105, 'Maharagama', 'Kadalana'),
(2620, 110, 'Maharagama', 'Rawathawatta West'),
(2621, 115, 'Maharagama', 'Idama'),
(2622, 120, 'Maharagama', 'Uswatta'),
(2623, 125, 'Maharagama', 'Moratuwella South'),
(2624, 130, 'Maharagama', 'Indibedda West'),
(2625, 135, 'Maharagama', 'Moratumulla East'),
(2626, 140, 'Maharagama', 'Moratumulla West'),
(2627, 145, 'Maharagama', 'Villorawatta East'),
(2628, 150, 'Maharagama', 'Villorawatta West'),
(2629, 155, 'Maharagama', 'Indibedda East'),
(2630, 160, 'Maharagama', 'Moratuwella North'),
(2631, 165, 'Maharagama', 'Moratuwella West'),
(2632, 170, 'Maharagama', 'Koralawella North'),
(2633, 175, 'Maharagama', 'Koralawella East'),
(2634, 180, 'Maharagama', 'Koralawella West'),
(2635, 185, 'Maharagama', 'Koralawella South'),
(2636, 190, 'Maharagama', 'Katukurunda North'),
(2637, 195, 'Maharagama', 'Katukurunda South'),
(2638, 200, 'Maharagama', 'Egoda Uyana North'),
(2639, 205, 'Maharagama', 'Egoda Uyana Central'),
(2640, 210, 'Maharagama', 'Egoda Uyana South'),
(2641, 5, 'Kesbewa', 'Pepiliyana West'),
(2642, 10, 'Kesbewa', 'Pepiliyana East'),
(2643, 15, 'Kesbewa', 'Divulpitiya East'),
(2644, 20, 'Kesbewa', 'Divulpitiya West'),
(2645, 25, 'Kesbewa', 'Bellanvila'),
(2646, 30, 'Kesbewa', 'Boralesgamuwa West A'),
(2647, 35, 'Kesbewa', 'Boralesgamuwa West C'),
(2648, 40, 'Kesbewa', 'Rattanapitiya'),
(2649, 45, 'Kesbewa', 'Egodawatta'),
(2650, 50, 'Kesbewa', 'Boralesgamuwa East A'),
(2651, 55, 'Kesbewa', 'Boralesgamuwa West B'),
(2652, 60, 'Kesbewa', 'Werahera North'),
(2653, 65, 'Kesbewa', 'Boralesgamuwa East B'),
(2654, 70, 'Kesbewa', 'Neelammahara'),
(2655, 75, 'Kesbewa', 'Katuwawala North'),
(2656, 80, 'Kesbewa', 'Vishwakalawa'),
(2657, 85, 'Kesbewa', 'Werahera South'),
(2658, 90, 'Kesbewa', 'Katuwawala South'),
(2659, 95, 'Kesbewa', 'Niwanthidiya'),
(2660, 100, 'Kesbewa', 'Erewwala West'),
(2661, 105, 'Kesbewa', 'Erewwala North'),
(2662, 110, 'Kesbewa', 'Erewwala East'),
(2663, 115, 'Kesbewa', 'Rathmaldeniya'),
(2664, 120, 'Kesbewa', 'Mahalwarawa'),
(2665, 125, 'Kesbewa', 'Bangalawatta'),
(2666, 130, 'Kesbewa', 'Pelenwatta East'),
(2667, 135, 'Kesbewa', 'Pelenwatta North'),
(2668, 140, 'Kesbewa', 'Pelenwatta West'),
(2669, 145, 'Kesbewa', 'Paligedara'),
(2670, 150, 'Kesbewa', 'Kaliyammahara'),
(2671, 155, 'Kesbewa', 'Bokundara'),
(2672, 160, 'Kesbewa', 'Thumbovila South'),
(2673, 165, 'Kesbewa', 'Thumbovila North'),
(2674, 170, 'Kesbewa', 'Wewala West'),
(2675, 175, 'Kesbewa', 'Wewala East'),
(2676, 180, 'Kesbewa', 'Thumbovila West'),
(2677, 185, 'Kesbewa', 'Mampe North'),
(2678, 190, 'Kesbewa', 'Makuludoowa'),
(2679, 195, 'Kesbewa', 'Gorakapitiya'),
(2680, 200, 'Kesbewa', 'Nampamunuwa'),
(2681, 205, 'Kesbewa', 'Mavittara North'),
(2682, 210, 'Kesbewa', 'Mampe East'),
(2683, 215, 'Kesbewa', 'Bodhirajapura'),
(2684, 220, 'Kesbewa', 'Mampe West'),
(2685, 225, 'Kesbewa', 'Mampe South'),
(2686, 230, 'Kesbewa', 'Kolamunna'),
(2687, 235, 'Kesbewa', 'Suwarapola East'),
(2688, 240, 'Kesbewa', 'Suwarapola West'),
(2689, 245, 'Kesbewa', 'Hedigama'),
(2690, 250, 'Kesbewa', 'Batakettara North'),
(2691, 255, 'Kesbewa', 'Kesbewa North'),
(2692, 260, 'Kesbewa', 'Kesbewa East'),
(2693, 265, 'Kesbewa', 'Mavittara South'),
(2694, 270, 'Kesbewa', 'Honnanthara North'),
(2695, 275, 'Kesbewa', 'Honnanthara South'),
(2696, 280, 'Kesbewa', 'Makandana East'),
(2697, 285, 'Kesbewa', 'Kesbewa South'),
(2698, 290, 'Kesbewa', 'Batakettara South'),
(2699, 295, 'Kesbewa', 'Madapatha'),
(2700, 300, 'Kesbewa', 'Delthara West'),
(2701, 305, 'Kesbewa', 'Delthara East'),
(2702, 310, 'Kesbewa', 'Dampe'),
(2703, 315, 'Kesbewa', 'Makandana West'),
(2704, 320, 'Kesbewa', 'Nivungama'),
(2705, 325, 'Kesbewa', 'Halpita'),
(2706, 330, 'Kesbewa', 'Horathuduwa'),
(2707, 335, 'Kesbewa', 'Morenda'),
(2708, 340, 'Kesbewa', 'Batuwandara North'),
(2709, 345, 'Kesbewa', 'Batuwandara South'),
(2710, 350, 'Kesbewa', 'Jamburaliya'),
(2711, 355, 'Kesbewa', 'Polhena'),
(2712, 360, 'Kesbewa', 'Regidel Watta'),
(2713, 365, 'Kesbewa', 'Kahapola'),
(2714, 5, 'Ratmalana', 'Mount Lavinia');

-- --------------------------------------------------------

--
-- Table structure for table `tbl_list_provinces`
--

DROP TABLE IF EXISTS `tbl_list_provinces`;
CREATE TABLE IF NOT EXISTS `tbl_list_provinces` (
  `id` int NOT NULL AUTO_INCREMENT,
  `name_en` varchar(45) NOT NULL,
  PRIMARY KEY (`id`)
) ENGINE=InnoDB AUTO_INCREMENT=10 DEFAULT CHARSET=utf8mb3;

--
-- Dumping data for table `tbl_list_provinces`
--

INSERT INTO `tbl_list_provinces` (`id`, `name_en`) VALUES
(1, 'Western'),
(2, 'Central'),
(3, 'Southern'),
(4, 'North Western'),
(5, 'Sabaragamuwa'),
(6, 'Eastern'),
(7, 'Uva'),
(8, 'North Central'),
(9, 'Northern');

-- --------------------------------------------------------

--
-- Table structure for table `tbl_live_chat`
--

DROP TABLE IF EXISTS `tbl_live_chat`;
CREATE TABLE IF NOT EXISTS `tbl_live_chat` (
  `ChatID` int NOT NULL AUTO_INCREMENT,
  `EmpID` int NOT NULL,
  `DateTime` datetime NOT NULL,
  `From` text NOT NULL,
  `To` text NOT NULL,
  `Message` varchar(500) NOT NULL,
  `Status` int DEFAULT NULL COMMENT 'before view  = 1',
  PRIMARY KEY (`ChatID`)
) ENGINE=MyISAM AUTO_INCREMENT=39 DEFAULT CHARSET=utf8mb4 COLLATE=utf8mb4_general_ci;

--
-- Dumping data for table `tbl_live_chat`
--

INSERT INTO `tbl_live_chat` (`ChatID`, `EmpID`, `DateTime`, `From`, `To`, `Message`, `Status`) VALUES
(1, 2, '2023-07-04 17:35:01', '2', '9', 'Please submit your proper profile picture.', 1),
(2, 2, '2023-07-04 17:38:54', '2', '2', 'If you have any updated to your personal file, send them to Admin unit on or before 30.Oct.2023.', 0),
(3, 2, '2023-07-04 17:39:10', '2', '3', 'If you have any updated to your personal file, send them to Admin unit on or before 30.Oct.2023.', 1),
(4, 2, '2023-07-04 17:39:14', '2', '4', 'If you have any updated to your personal file, send them to Admin unit on or before 30.Oct.2023.', 1),
(5, 2, '2023-07-04 17:39:18', '2', '5', 'If you have any updated to your personal file, send them to Admin unit on or before 30.Oct.2023.', 1),
(6, 2, '2023-07-04 17:39:23', '2', '5', 'If you have any updated to your personal file, send them to Admin unit on or before 30.Oct.2023.', 0),
(7, 2, '2023-07-04 17:39:28', '2', '6', 'If you have any updated to your personal file, send them to Admin unit on or before 30.Oct.2023.', 1),
(8, 2, '2023-07-04 17:39:36', '2', '7', 'If you have any updated to your personal file, send them to Admin unit on or before 30.Oct.2023.', 1),
(9, 2, '2023-07-04 17:39:42', '2', '8', 'If you have any updated to your personal file, send them to Admin unit on or before 30.Oct.2023.', 1),
(10, 2, '2023-07-04 17:39:47', '2', '10', 'If you have any updated to your personal file, send them to Admin unit on or before 30.Oct.2023.', 1),
(11, 2, '2023-07-04 17:39:51', '2', '11', 'If you have any updated to your personal file, send them to Admin unit on or before 30.Oct.2023.', 1),
(12, 2, '2023-07-04 17:39:57', '2', '12', 'If you have any updated to your personal file, send them to Admin unit on or before 30.Oct.2023.', 1),
(13, 2, '2023-07-04 17:40:02', '2', '13', 'If you have any updated to your personal file, send them to Admin unit on or before 30.Oct.2023.', 1),
(14, 2, '2023-07-04 17:40:08', '2', '14', 'If you have any updated to your personal file, send them to Admin unit on or before 30.Oct.2023.', 1),
(15, 2, '2023-07-04 17:40:13', '2', '15', 'If you have any updated to your personal file, send them to Admin unit on or before 30.Oct.2023.', 1),
(16, 2, '2023-07-04 17:40:22', '2', '16', 'If you have any updated to your personal file, send them to Admin unit on or before 30.Oct.2023.', 1),
(17, 2, '2023-07-04 17:40:30', '2', '17', 'If you have any updated to your personal file, send them to Admin unit on or before 30.Oct.2023.', 1),
(18, 2, '2023-07-04 17:40:38', '2', '18', 'If you have any updated to your personal file, send them to Admin unit on or before 30.Oct.2023.', 1),
(19, 2, '2023-07-04 17:40:50', '2', '19', 'If you have any updated to your personal file, send them to Admin unit on or before 30.Oct.2023.', 1),
(20, 2, '2023-07-04 17:40:58', '2', '20', 'If you have any updated to your personal file, send them to Admin unit on or before 30.Oct.2023.', 1),
(21, 2, '2023-07-04 17:41:06', '2', '21', 'If you have any updated to your personal file, send them to Admin unit on or before 30.Oct.2023.', 1),
(22, 1, '2023-07-04 17:45:13', '1', '1', 'Reminder : hay admin, you have to remind system upgrade on 30.11.2023 before 15th.11.2023 ', 0),
(23, 4, '2023-07-24 07:38:29', '4', '5', 'Rohan\r\nYou can send your CFGC book pack to Central Province with our poster pack.', 1),
(24, 4, '2023-07-24 07:39:47', '4', '21', 'WATSALA,\r\n YOU CAN COLLECT YOUR POSTER SET FROM hEMANTHA FROM KANDY', 1),
(25, 4, '2023-07-24 07:42:43', '4', '21', 'Wathsala, \r\nCan you please arrange cartoon images before 2023.8.9. We are planing to launch book on 2023 Child Day.\r\nThank you', 1),
(26, 4, '2023-07-24 07:56:17', '4', '16', 'Harenda, you are suggested to participate Daruwan surakimu Programme in, Hiru TV.\r\nPlease contact Assistant manager Planning.\r\nThankz', 1),
(27, 4, '2023-07-24 07:58:16', '4', '1', 'Hi, \r\nCan you please arrange meeting to discuss some system requirements.\r\nThank You', 1),
(28, 4, '2023-07-24 08:00:16', '4', '3', 'Janaka ,\r\nWe need to discuss abt. Child day main programme.\r\ntransport, workmen, food ...ets.\r\nPlease mention preferable time', 1),
(29, 4, '2023-07-24 08:03:48', '4', '7', 'Dear Madam, We are planing to get meeting on Child day 2023 on Aug 4th, Firday. Is it possible to participate it, or shall we arrange anothr day.\r\nthank you', 1),
(30, 4, '2023-07-24 08:05:40', '4', '12', 'Prithika, Dear please send us the proof reedig on or beffore Aug 2nd', 1),
(31, 4, '2023-07-24 08:07:17', '4', '22', 'Hay Girl, \r\nYou miss some documents to send to Walapane. They ask your mobile contacts. Please call them', 1),
(32, 5, '2023-07-24 08:12:52', '5', '21', 'Ms. Wathsala,\r\nPlease contact Ms. Kanishkato get information abt. DCDC', 1),
(33, 5, '2023-07-24 08:17:24', '5', '4', 'Shanika, Can you please arange to send your department mr. Duminda to our ministry programme on every senond week monday till commencement of Diri daru programme.\r\nthank you', 1),
(34, 5, '2023-07-24 10:00:45', '5', '8', 'Dear Duminda,\r\n You have to organize zoom meeting to discuss on world child day programme with district division officers.', 1),
(35, 5, '2023-07-24 10:04:26', '5', '8', 'Please discuss with me to have a meeting date.\r\nThankz', 1),
(36, 1, '2023-07-29 20:36:21', '1', '5', 'HI, iNTERNET DROP UP WILLBE ON 2023.7.31', 1),
(37, 6, '2023-07-29 20:40:37', '6', '4', 'Madam, Can I have a meeting to discuss about action plan', 1),
(38, 6, '2023-07-29 20:42:21', '6', '8', 'HI BROTHER,\r\nOur director asked to meet him before 2nd Friday of 2023.08', 1);

-- --------------------------------------------------------

--
-- Table structure for table `tbl_office`
--

DROP TABLE IF EXISTS `tbl_office`;
CREATE TABLE IF NOT EXISTS `tbl_office` (
  `OfficeID` int NOT NULL AUTO_INCREMENT,
  `EmpID` int NOT NULL,
  `Type` int NOT NULL,
  PRIMARY KEY (`OfficeID`)
) ENGINE=MyISAM AUTO_INCREMENT=29 DEFAULT CHARSET=utf8mb4 COLLATE=utf8mb4_general_ci;

--
-- Dumping data for table `tbl_office`
--

INSERT INTO `tbl_office` (`OfficeID`, `EmpID`, `Type`) VALUES
(1, 2, 1),
(2, 3, 1),
(3, 4, 1),
(4, 5, 1),
(5, 6, 1),
(6, 7, 1),
(7, 8, 1),
(8, 9, 1),
(9, 10, 1),
(10, 11, 1),
(11, 12, 1),
(12, 13, 1),
(13, 14, 2),
(14, 15, 2),
(15, 16, 2),
(16, 17, 3),
(17, 18, 3),
(18, 19, 3),
(19, 20, 3),
(20, 21, 3),
(21, 22, 1),
(22, 23, 1),
(23, 24, 2),
(24, 25, 2),
(25, 26, 3),
(26, 27, 2),
(27, 28, 2),
(28, 29, 2);

-- --------------------------------------------------------

--
-- Table structure for table `tbl_position`
--

DROP TABLE IF EXISTS `tbl_position`;
CREATE TABLE IF NOT EXISTS `tbl_position` (
  `PositionID` int NOT NULL AUTO_INCREMENT,
  `DepartmentID` int NOT NULL,
  `EmpID` int NOT NULL,
  `PositionaIName` varchar(30) NOT NULL,
  PRIMARY KEY (`PositionID`)
) ENGINE=MyISAM AUTO_INCREMENT=14 DEFAULT CHARSET=utf8mb4 COLLATE=utf8mb4_general_ci;

--
-- Dumping data for table `tbl_position`
--

INSERT INTO `tbl_position` (`PositionID`, `DepartmentID`, `EmpID`, `PositionaIName`) VALUES
(1, 1, 2, 'ma_admin'),
(2, 1, 3, 'dir_admin'),
(3, 5, 5, 'dir_prog'),
(4, 3, 6, 'ma_planning'),
(5, 6, 7, 'director_general'),
(6, 5, 8, 'ma_programme'),
(7, 7, 9, 'dir_phyco'),
(8, 7, 10, 'ma_phyco'),
(9, 8, 11, 'dir_lawenfoce'),
(10, 9, 12, 'dir_legal'),
(11, 10, 13, 'dir_finance'),
(12, 8, 22, 'ma_law'),
(13, 2, 23, 'ma_info');

-- --------------------------------------------------------

--
-- Table structure for table `tbl_position_contact`
--

DROP TABLE IF EXISTS `tbl_position_contact`;
CREATE TABLE IF NOT EXISTS `tbl_position_contact` (
  `PositionID` int NOT NULL,
  `DepartmentID` int NOT NULL,
  `Contact` text NOT NULL
) ENGINE=MyISAM DEFAULT CHARSET=utf8mb4 COLLATE=utf8mb4_general_ci;

-- --------------------------------------------------------

--
-- Table structure for table `tbl_sys_msg`
--

DROP TABLE IF EXISTS `tbl_sys_msg`;
CREATE TABLE IF NOT EXISTS `tbl_sys_msg` (
  `SysMsgID` int NOT NULL AUTO_INCREMENT,
  `UserID` int NOT NULL,
  `DateTime` datetime NOT NULL,
  `SysMessage` text NOT NULL,
  PRIMARY KEY (`SysMsgID`)
) ENGINE=MyISAM DEFAULT CHARSET=utf8mb4 COLLATE=utf8mb4_general_ci;

-- --------------------------------------------------------

--
-- Table structure for table `tbl_user`
--

DROP TABLE IF EXISTS `tbl_user`;
CREATE TABLE IF NOT EXISTS `tbl_user` (
  `UserID` int NOT NULL AUTO_INCREMENT,
  `EmpID` int NOT NULL,
  `UserName` text NOT NULL,
  `Password` text NOT NULL,
  PRIMARY KEY (`UserID`)
) ENGINE=MyISAM AUTO_INCREMENT=30 DEFAULT CHARSET=utf8mb4 COLLATE=utf8mb4_general_ci;

--
-- Dumping data for table `tbl_user`
--

INSERT INTO `tbl_user` (`UserID`, `EmpID`, `UserName`, `Password`) VALUES
(1, 1, '0001', '2504cd4a3a9485e0d210ea103534669c8091a2ef'),
(2, 2, '0002', '598877dda2e3e00c2a09d1f33843bb2626b6743f'),
(3, 3, '0003', '3dae95cdf6c278086f375bbcbe334c78a5659e68'),
(4, 4, '0004', '98260b6a0d048ded7e1c4c76baca8f2b1006d485'),
(5, 5, '0005', '08ba9abc6bfe8cb48c9a8b5a957fb6ad77596483'),
(6, 6, '0006', '4ea858427c5578da396af91389be1b08e91bf947'),
(7, 7, '0007', '404b51c9ba0b8279665099d49d91c0cc6a34c397'),
(8, 8, '0008', '0ce3c8e85183ef65b045fc970a628de59ce814c4'),
(9, 9, '0009', 'aa691f79e641203ac5ddaba82b96aa64144530c1'),
(10, 10, '0010', '7a776b9364bc3d47688e1fc0e400ae469dfe6aed'),
(11, 11, '0011', 'd4c4cee614bd776daedd7b056962518ab8c82147'),
(12, 12, '0012', 'c742ac83c0bc00dd19353d3167ab3bcbdfdbd126'),
(13, 13, '0013', 'b01a292551f7effa25208727ee64d2717bc67359'),
(14, 14, '0014', '66118cce89dd1d16ac6a2a12d4d114a8a3e447e3'),
(15, 15, '0015', 'd114dfbd4b960dd706b60f79d60fbfe85378d55b'),
(16, 16, '0016', 'f83f340b8c44715e9962714cef62c34f45a40e3f'),
(17, 17, '0017', '130f4abfbe9981997d311e5c9b4d8791f648f5a2'),
(18, 18, '0018', '398354140a39dfe8092ac7add59c9ae78c9a9c28'),
(19, 19, '0019', '5655a33e660f545bf63af84faa2f18c94ef536f0'),
(20, 20, '0020', '6664c832ba11201942d1dea8b3751f41bab78e4d'),
(21, 21, '0021', '84eba4f24d628c1be98374d30085321841b0a509'),
(22, 22, '0022', 'cad0f67176f6d474ea0e110e2d30dce89f083a73'),
(23, 23, '0023', 'c86a0ae9df829d68057e868f4c035f619b081e60'),
(24, 24, '0030', '678158e6aa4b9a069be6a2e902ca835444f5afa8'),
(25, 25, '0075', '0271edbdc57336b88e0ec970c5909c3ba31e419c'),
(26, 26, '0078', 'd4c6a40d3f6c3a90d26bc1627680e0b4f16ec884'),
(27, 27, '9632', 'c48418cb65d9ba6f4fa4788ed1c80399ac64a358'),
(28, 28, '7954', '90a15a51f27bed57a2389a45ab5bf98d8ced5e15'),
(29, 29, '7412', '05169de21a495ba1418d486f64e61684e993fdb5');
COMMIT;

/*!40101 SET CHARACTER_SET_CLIENT=@OLD_CHARACTER_SET_CLIENT */;
/*!40101 SET CHARACTER_SET_RESULTS=@OLD_CHARACTER_SET_RESULTS */;
/*!40101 SET COLLATION_CONNECTION=@OLD_COLLATION_CONNECTION */;
